-- phpMyAdmin SQL Dump
-- version 4.8.2
-- https://www.phpmyadmin.net/
--
-- Host: 127.0.0.1
-- Generation Time: Sep 24, 2018 at 06:46 PM
-- Server version: 10.1.34-MariaDB
-- PHP Version: 7.2.8

SET SQL_MODE = "NO_AUTO_VALUE_ON_ZERO";
SET AUTOCOMMIT = 0;
START TRANSACTION;
SET time_zone = "+00:00";


/*!40101 SET @OLD_CHARACTER_SET_CLIENT=@@CHARACTER_SET_CLIENT */;
/*!40101 SET @OLD_CHARACTER_SET_RESULTS=@@CHARACTER_SET_RESULTS */;
/*!40101 SET @OLD_COLLATION_CONNECTION=@@COLLATION_CONNECTION */;
/*!40101 SET NAMES utf8mb4 */;

--
-- Database: `eapi`
--

-- --------------------------------------------------------

--
-- Table structure for table `migrations`
--

CREATE TABLE `migrations` (
  `id` int(10) UNSIGNED NOT NULL,
  `migration` varchar(191) COLLATE utf8mb4_unicode_ci NOT NULL,
  `batch` int(11) NOT NULL
) ENGINE=InnoDB DEFAULT CHARSET=utf8mb4 COLLATE=utf8mb4_unicode_ci;

--
-- Dumping data for table `migrations`
--

INSERT INTO `migrations` (`id`, `migration`, `batch`) VALUES
(1, '2014_10_12_000000_create_users_table', 1),
(2, '2014_10_12_100000_create_password_resets_table', 1),
(3, '2018_09_24_075041_create_products_table', 1),
(4, '2018_09_24_075231_create_reviews_table', 1);

-- --------------------------------------------------------

--
-- Table structure for table `password_resets`
--

CREATE TABLE `password_resets` (
  `email` varchar(191) COLLATE utf8mb4_unicode_ci NOT NULL,
  `token` varchar(191) COLLATE utf8mb4_unicode_ci NOT NULL,
  `created_at` timestamp NULL DEFAULT NULL
) ENGINE=InnoDB DEFAULT CHARSET=utf8mb4 COLLATE=utf8mb4_unicode_ci;

-- --------------------------------------------------------

--
-- Table structure for table `products`
--

CREATE TABLE `products` (
  `id` int(10) UNSIGNED NOT NULL,
  `name` varchar(191) COLLATE utf8mb4_unicode_ci NOT NULL,
  `detail` text COLLATE utf8mb4_unicode_ci NOT NULL,
  `price` int(11) NOT NULL,
  `stock` int(11) NOT NULL,
  `discount` int(11) NOT NULL,
  `created_at` timestamp NULL DEFAULT NULL,
  `updated_at` timestamp NULL DEFAULT NULL
) ENGINE=InnoDB DEFAULT CHARSET=utf8mb4 COLLATE=utf8mb4_unicode_ci;

--
-- Dumping data for table `products`
--

INSERT INTO `products` (`id`, `name`, `detail`, `price`, `stock`, `discount`, `created_at`, `updated_at`) VALUES
(1, 'inventore', 'Inventore vitae corporis voluptatum ab. Non asperiores iste in fugit. Est et error facere sed.', 4707, 1, 41, '2018-09-24 10:55:46', '2018-09-24 10:55:46'),
(2, 'veritatis', 'Eos veritatis animi rerum accusantium. Aut dolorem dolore nam optio. Aspernatur voluptatibus iure voluptatem voluptas ut. Error quidem nihil non atque vero dolor quasi.', 601, 2, 27, '2018-09-24 10:55:46', '2018-09-24 10:55:46'),
(3, 'et', 'Autem odio quis debitis. In fugiat aut nisi et cumque temporibus. Ut perspiciatis atque enim inventore. Explicabo quia est repudiandae quia est consequatur.', 3423, 6, 41, '2018-09-24 10:55:46', '2018-09-24 10:55:46'),
(4, 'culpa', 'Dignissimos repellendus sint est reiciendis vitae aut. Quaerat ut voluptas harum deserunt quis nihil tempore. Sint quia inventore quos labore sint consequatur.', 3413, 0, 37, '2018-09-24 10:55:46', '2018-09-24 10:55:46'),
(5, 'et', 'Fuga dolores esse nihil et ratione dolorum. Minima commodi ut iusto iure. Et natus accusamus voluptatum provident aut dicta. Rerum tempore aut tenetur.', 8072, 7, 36, '2018-09-24 10:55:46', '2018-09-24 10:55:46'),
(6, 'voluptatum', 'Eum quia quia velit dolores non soluta. Pariatur aut quas facere. Earum consequatur possimus et voluptas natus dicta et.', 6459, 3, 32, '2018-09-24 10:55:46', '2018-09-24 10:55:46'),
(7, 'sint', 'Libero commodi deserunt delectus. Recusandae tempora repudiandae possimus. Similique quis ratione cupiditate eos culpa laborum nobis. Omnis fuga molestiae officia quas aliquam nostrum molestias.', 7346, 7, 19, '2018-09-24 10:55:46', '2018-09-24 10:55:46'),
(8, 'perferendis', 'Vel consequatur officia explicabo asperiores quibusdam molestias. Consequuntur aperiam enim qui et sit voluptatum. Iste omnis ut officiis quasi quo voluptatibus. Ipsum ab rerum ducimus similique aut sunt.', 6817, 1, 49, '2018-09-24 10:55:46', '2018-09-24 10:55:46'),
(9, 'dolor', 'Deserunt est voluptas commodi. Nisi sed provident culpa rem.', 1861, 6, 25, '2018-09-24 10:55:46', '2018-09-24 10:55:46'),
(10, 'voluptatum', 'Iste natus inventore officia odit dolor ea culpa. In adipisci soluta voluptatibus quia dolor aut. Voluptatem id nesciunt quisquam ut.', 1018, 4, 26, '2018-09-24 10:55:46', '2018-09-24 10:55:46'),
(11, 'quam', 'Earum error deleniti qui dolor et. Sit assumenda corrupti unde facilis dolorem non excepturi. A ratione mollitia assumenda rerum ratione.', 2256, 9, 9, '2018-09-24 10:55:46', '2018-09-24 10:55:46'),
(12, 'et', 'Quaerat cumque minus dicta ea similique laborum. Commodi sint sint ut ut earum cum quaerat. Illo quasi saepe magni voluptatem voluptatum qui vitae.', 8047, 7, 33, '2018-09-24 10:55:46', '2018-09-24 10:55:46'),
(13, 'qui', 'Ea ut velit suscipit quae aut. Quaerat corrupti id est quos natus culpa. Quam dolores explicabo enim non tenetur nihil corporis beatae. Non nostrum voluptatum quis eaque.', 3587, 2, 44, '2018-09-24 10:55:46', '2018-09-24 10:55:46'),
(14, 'ea', 'Aspernatur deleniti sit quis quos quia. Velit repellat consequatur quibusdam numquam repellat et eos nesciunt. Ut rerum dolor esse iste repellendus.', 7831, 0, 32, '2018-09-24 10:55:46', '2018-09-24 10:55:46'),
(15, 'dignissimos', 'Ipsa molestiae dolorum cupiditate error voluptatem. Delectus velit sunt omnis pariatur et temporibus. Commodi maiores blanditiis dolore amet quis. Voluptas consectetur quod sit numquam nam esse voluptatem.', 4801, 0, 2, '2018-09-24 10:55:46', '2018-09-24 10:55:46'),
(16, 'asperiores', 'Ea quis enim mollitia quis. Magni est quo ea dolore dolores. Deleniti ex qui consectetur officiis nemo sapiente sed.', 2406, 8, 20, '2018-09-24 10:55:46', '2018-09-24 10:55:46'),
(17, 'harum', 'Id incidunt quia corporis alias. Omnis dolorum atque suscipit iusto. Accusantium et voluptates voluptatem odio.', 339, 5, 2, '2018-09-24 10:55:46', '2018-09-24 10:55:46'),
(18, 'quae', 'Voluptates dolores qui quibusdam omnis. Itaque possimus in optio ut ea accusantium repudiandae.', 7737, 1, 48, '2018-09-24 10:55:46', '2018-09-24 10:55:46'),
(19, 'quos', 'Beatae omnis maxime suscipit soluta. Deleniti eaque optio quam expedita saepe ut neque. Dicta corporis asperiores saepe ullam laudantium.', 2288, 6, 36, '2018-09-24 10:55:46', '2018-09-24 10:55:46'),
(20, 'delectus', 'Ullam aperiam ut explicabo illo dolor autem. Quibusdam vel vel pariatur delectus. Ducimus cumque sint odio. Quis eius sit modi eaque.', 1311, 1, 25, '2018-09-24 10:55:46', '2018-09-24 10:55:46'),
(21, 'commodi', 'Nulla officia ut molestiae doloremque. Modi soluta est quam soluta voluptatem. Occaecati necessitatibus qui sint ullam facilis.', 4254, 1, 38, '2018-09-24 10:55:46', '2018-09-24 10:55:46'),
(22, 'voluptatum', 'Est quaerat velit quibusdam et. Vero minus nemo amet dignissimos. Fugiat nulla voluptatem praesentium modi blanditiis incidunt quis et.', 4425, 2, 18, '2018-09-24 10:55:46', '2018-09-24 10:55:46'),
(23, 'vero', 'Nobis officia necessitatibus iusto. A expedita laborum voluptas eius maxime rem.', 2758, 6, 15, '2018-09-24 10:55:47', '2018-09-24 10:55:47'),
(24, 'quidem', 'Eos sint ut aut qui fugiat consequuntur blanditiis quaerat. Pariatur et nisi veritatis. Asperiores quia eos ut occaecati incidunt quo in. Sapiente sunt sed et porro aut.', 6754, 5, 45, '2018-09-24 10:55:47', '2018-09-24 10:55:47'),
(25, 'amet', 'Numquam atque dolores non laudantium velit nulla explicabo. Laborum voluptatem ut quae neque architecto cupiditate. Cupiditate voluptatem aut voluptatibus eligendi ad odit.', 6947, 1, 45, '2018-09-24 10:55:47', '2018-09-24 10:55:47'),
(26, 'cum', 'Et nobis excepturi rem laborum. Saepe velit sit et incidunt. Voluptatum fuga aut voluptatem quis. Optio qui a fugiat nostrum aliquam sit quod.', 5763, 9, 11, '2018-09-24 10:55:47', '2018-09-24 10:55:47'),
(27, 'at', 'Cumque quod nobis at qui porro totam. Assumenda et repellendus ducimus temporibus. Quo facere unde quaerat voluptate. Nulla voluptate nobis autem quam.', 8518, 3, 39, '2018-09-24 10:55:47', '2018-09-24 10:55:47'),
(28, 'sapiente', 'Quas dolore aut molestias eos molestiae dolorem modi sed. Minus autem et et impedit vero qui aut. Non voluptas iste nihil vero officia.', 6257, 7, 12, '2018-09-24 10:55:47', '2018-09-24 10:55:47'),
(29, 'quia', 'Qui velit asperiores laborum. Repudiandae est vel temporibus. Doloribus earum possimus voluptatibus quod dignissimos. Est est at consequatur non est labore.', 5351, 6, 25, '2018-09-24 10:55:47', '2018-09-24 10:55:47'),
(30, 'at', 'Asperiores quam culpa deserunt et reprehenderit dolorum aspernatur. Temporibus est sunt numquam hic. Sed repellat fugit vel alias distinctio.', 6966, 3, 38, '2018-09-24 10:55:47', '2018-09-24 10:55:47'),
(31, 'modi', 'Temporibus omnis quo aut mollitia illo et. Earum et delectus sequi corrupti. Omnis sed consequatur consequatur soluta. Debitis rerum corrupti voluptatem maiores sit quas nisi excepturi.', 2488, 3, 23, '2018-09-24 10:55:47', '2018-09-24 10:55:47'),
(32, 'magnam', 'Libero dolorum quibusdam quia saepe. Et ex recusandae veniam eius error et. Consequatur quas mollitia doloribus at tenetur.', 7815, 6, 38, '2018-09-24 10:55:47', '2018-09-24 10:55:47'),
(33, 'quidem', 'Sit qui est dicta ut veniam in. Blanditiis cum vel qui odio. Quam aperiam iusto necessitatibus quod expedita autem.', 3041, 3, 8, '2018-09-24 10:55:47', '2018-09-24 10:55:47'),
(34, 'perferendis', 'Autem minus similique velit non excepturi vel voluptatum. Nostrum dolorem dolorum necessitatibus ut quisquam est adipisci ut. Officiis dolore odit aut. Et dicta et sint ut.', 264, 1, 39, '2018-09-24 10:55:47', '2018-09-24 10:55:47'),
(35, 'modi', 'Aut magni et aperiam non est. Aperiam et ducimus autem corporis perspiciatis vel.', 5326, 4, 34, '2018-09-24 10:55:47', '2018-09-24 10:55:47'),
(36, 'ratione', 'At atque non quidem corrupti minima quis voluptatum. Aliquid consequuntur nihil sit provident velit. Sit eum praesentium officiis et. Accusantium id et qui illum quo eius rerum.', 5834, 8, 8, '2018-09-24 10:55:47', '2018-09-24 10:55:47'),
(37, 'veniam', 'Ut nesciunt ut mollitia voluptas. Magni aliquid doloremque ea amet modi ducimus. Minus dolorum aut fugiat velit necessitatibus in.', 2599, 2, 24, '2018-09-24 10:55:47', '2018-09-24 10:55:47'),
(38, 'magni', 'Reprehenderit est incidunt similique facilis in eos qui. Provident et ullam voluptatem omnis. Molestiae aperiam asperiores ipsam. Quibusdam sunt qui molestias est voluptate voluptate quo.', 8731, 4, 43, '2018-09-24 10:55:47', '2018-09-24 10:55:47'),
(39, 'ab', 'Totam magni et tenetur mollitia. Optio hic voluptas consequuntur non deserunt. Tenetur exercitationem voluptas minus et porro est. Quam non dicta atque unde aut ut laborum modi.', 5043, 7, 7, '2018-09-24 10:55:47', '2018-09-24 10:55:47'),
(40, 'voluptate', 'Vero mollitia ab excepturi dolores molestiae quibusdam eos. Veritatis delectus suscipit nobis id. Ab aspernatur id non reprehenderit neque magni eum.', 3165, 3, 28, '2018-09-24 10:55:47', '2018-09-24 10:55:47'),
(41, 'cum', 'Eum omnis voluptatem possimus quo inventore ea. Animi iste corrupti aliquid et ratione. Itaque aperiam sit nam consequuntur. Eius optio quisquam ut nam ea non et.', 5716, 8, 44, '2018-09-24 10:55:47', '2018-09-24 10:55:47'),
(42, 'iure', 'Accusamus unde ea delectus veritatis praesentium amet qui ut. Quia aut sed omnis. Accusamus cumque cum dolorem aliquid optio debitis. Quos illo inventore iure assumenda.', 8013, 0, 4, '2018-09-24 10:55:47', '2018-09-24 10:55:47'),
(43, 'corporis', 'Necessitatibus porro sint sed tenetur ea vitae alias. Beatae commodi voluptatem est similique. Quod blanditiis corrupti dolorum et.', 4017, 7, 12, '2018-09-24 10:55:47', '2018-09-24 10:55:47'),
(44, 'consectetur', 'Blanditiis consequatur sit eum ullam expedita beatae minima eum. Accusamus molestiae consequatur ut enim laboriosam maxime. At nostrum libero similique et.', 8109, 1, 45, '2018-09-24 10:55:47', '2018-09-24 10:55:47'),
(45, 'recusandae', 'Voluptate qui omnis consequuntur velit earum dolorum tenetur. Quaerat enim et sit illum sapiente voluptas ullam. Veniam et excepturi aut sit nihil at neque dolores. Harum facere quaerat sapiente labore.', 6517, 7, 16, '2018-09-24 10:55:47', '2018-09-24 10:55:47'),
(46, 'et', 'Ab ut hic sed. Impedit suscipit eaque deleniti nihil veniam. Ea ut architecto ducimus sint. Voluptatem ab soluta aliquid a ab eum. Et magni tenetur nisi enim sed.', 8179, 9, 4, '2018-09-24 10:55:47', '2018-09-24 10:55:47'),
(47, 'architecto', 'Molestiae reprehenderit dolorem suscipit velit error placeat nulla. Reprehenderit laudantium id sunt fugiat repellat nesciunt.', 4771, 1, 35, '2018-09-24 10:55:47', '2018-09-24 10:55:47'),
(48, 'facilis', 'Odit praesentium ut est asperiores facere distinctio unde. Expedita in et perspiciatis ea. Ipsam omnis maiores qui quis consequuntur sit necessitatibus. Occaecati qui repudiandae molestias odio.', 3383, 8, 10, '2018-09-24 10:55:47', '2018-09-24 10:55:47'),
(49, 'aut', 'Ut velit quo quibusdam ut nobis sunt perspiciatis. Voluptatem sequi dolorum distinctio consequatur voluptatem. Commodi tempore ut sapiente eligendi vitae sed. Numquam et omnis ea rerum earum vel maiores vel.', 842, 5, 33, '2018-09-24 10:55:47', '2018-09-24 10:55:47'),
(50, 'consequuntur', 'Culpa voluptatem aliquam tempore ab voluptatem et. Fuga nisi earum quia qui labore nisi nam velit. Quia deleniti dolorum eos nulla et architecto. Dolorem quo facere vero neque vitae.', 1017, 3, 30, '2018-09-24 10:55:47', '2018-09-24 10:55:47'),
(51, 'non', 'Porro odio et animi qui qui. Qui ratione voluptas voluptatem natus alias. Accusamus qui quia fugiat suscipit ex nam.', 4996, 0, 46, '2018-09-24 10:57:53', '2018-09-24 10:57:53'),
(52, 'et', 'Qui expedita neque exercitationem ut labore praesentium nesciunt. Accusantium labore et ullam aliquid. Temporibus magnam aut ut aperiam quasi pariatur quis. Eveniet quam natus consequatur temporibus nostrum fugiat dolores.', 7392, 7, 45, '2018-09-24 10:57:53', '2018-09-24 10:57:53'),
(53, 'beatae', 'Repellat est maxime porro ut dolore neque quasi. Et voluptatem eaque ducimus eum. Dignissimos illum porro iure quo repudiandae numquam voluptates illo. Et sed natus qui eius nostrum similique fugiat dignissimos.', 1679, 3, 11, '2018-09-24 10:57:53', '2018-09-24 10:57:53'),
(54, 'possimus', 'Rerum aut velit sunt sed libero omnis sunt optio. Inventore impedit doloremque consectetur sed. Aut porro adipisci cupiditate impedit quis quaerat tempore.', 7426, 8, 10, '2018-09-24 10:57:53', '2018-09-24 10:57:53'),
(55, 'id', 'Qui et nihil qui dolor architecto totam qui. Non harum vero tenetur eos maiores. Labore expedita nihil pariatur quis quia sequi.', 3235, 7, 37, '2018-09-24 10:57:53', '2018-09-24 10:57:53'),
(56, 'vero', 'Est nostrum natus tenetur aspernatur nisi quia. Soluta maxime ipsum laboriosam aliquid. Voluptas animi eaque labore velit vel repellendus voluptatum. Dolore laboriosam modi nesciunt amet accusamus ipsam natus.', 8151, 6, 2, '2018-09-24 10:57:54', '2018-09-24 10:57:54'),
(57, 'aut', 'Aliquid nihil cum consectetur perspiciatis architecto officia ea dolorem. At tenetur amet quae dolorum in. Blanditiis sint et quisquam vitae autem omnis.', 5169, 2, 43, '2018-09-24 10:57:54', '2018-09-24 10:57:54'),
(58, 'et', 'Et veniam rerum sapiente necessitatibus ipsa. Accusamus voluptas aut non recusandae maiores animi ut. Error aut aperiam iusto recusandae at reprehenderit esse. Omnis nihil expedita laboriosam minima magni sapiente tenetur.', 6128, 0, 32, '2018-09-24 10:57:54', '2018-09-24 10:57:54'),
(59, 'ea', 'Iste distinctio delectus ad deleniti. Ea iure doloribus quia omnis. Quos dolor cumque reprehenderit id est reiciendis similique necessitatibus. Ut iste ut ipsa aperiam ipsum. Enim quam consequatur nisi blanditiis et sed ut.', 8640, 2, 17, '2018-09-24 10:57:54', '2018-09-24 10:57:54'),
(60, 'ut', 'Et dolores suscipit ratione. Sed id enim et qui voluptas distinctio. Corporis dignissimos accusamus quo voluptatum. A voluptas et cum autem excepturi.', 7327, 0, 13, '2018-09-24 10:57:54', '2018-09-24 10:57:54'),
(61, 'qui', 'Aut quod exercitationem dolorem similique a aut quia ut. Beatae dolores architecto a omnis. Aperiam ut fugit quia aut voluptatem sapiente vel. Eligendi corrupti neque deleniti eaque error eos.', 8564, 9, 3, '2018-09-24 10:57:54', '2018-09-24 10:57:54'),
(62, 'sapiente', 'Id optio nostrum necessitatibus. Autem laborum est blanditiis et id. Quos exercitationem dolore repudiandae architecto nihil et. Iusto consequatur esse beatae.', 3187, 7, 3, '2018-09-24 10:57:54', '2018-09-24 10:57:54'),
(63, 'totam', 'Et ratione corrupti et et laudantium consequatur sit. Qui quidem quae quidem officiis enim reprehenderit nihil. Neque eum tempore deserunt. Et corporis odit vitae veniam est reiciendis voluptatem.', 8208, 1, 12, '2018-09-24 10:57:54', '2018-09-24 10:57:54'),
(64, 'voluptatem', 'Aut debitis earum vitae reprehenderit. Tempora quia iure sint totam qui. Rerum suscipit eius quos distinctio vero ratione modi. Eveniet consequatur molestiae est velit error quod. Qui eius ex minus illum et voluptatem sit tempore.', 2188, 0, 36, '2018-09-24 10:57:54', '2018-09-24 10:57:54'),
(65, 'quo', 'Esse eaque ullam est ut exercitationem. Beatae voluptatem at nisi sapiente. Recusandae quia eum expedita ipsum delectus beatae sequi. Quos excepturi beatae sint non omnis excepturi. Quam repudiandae neque non et ut et cumque.', 4868, 9, 16, '2018-09-24 10:57:54', '2018-09-24 10:57:54'),
(66, 'qui', 'Quae sit et omnis sed autem. Sed tenetur non veritatis ipsam laboriosam rerum. Dicta qui quos ut quo autem.', 1836, 0, 11, '2018-09-24 10:57:54', '2018-09-24 10:57:54'),
(67, 'non', 'Beatae repellendus officiis ea delectus. Veniam quod vero optio.', 6357, 3, 40, '2018-09-24 10:57:54', '2018-09-24 10:57:54'),
(68, 'sunt', 'Odio sit sint vel adipisci quis error. Tempora distinctio quas et ut cupiditate omnis. Rerum voluptas dolor expedita ea hic non maiores.', 3855, 5, 15, '2018-09-24 10:57:54', '2018-09-24 10:57:54'),
(69, 'autem', 'Consectetur enim beatae eius. Nulla doloribus provident ea occaecati non iste laudantium. Vel sequi quaerat dicta in ex. Recusandae quo architecto tenetur et est deserunt.', 2024, 9, 33, '2018-09-24 10:57:54', '2018-09-24 10:57:54'),
(70, 'voluptatem', 'Rem occaecati voluptatibus repellat aut mollitia consequatur. Quia alias et consequuntur. Sit rerum iure est deleniti similique.', 1782, 0, 9, '2018-09-24 10:57:54', '2018-09-24 10:57:54'),
(71, 'alias', 'Repellendus non laboriosam quod maxime sed consequatur. Aut beatae tenetur voluptatem exercitationem. Vel rerum et dicta vero. Numquam cum sed architecto aut occaecati a. Quam porro id porro blanditiis.', 6609, 2, 18, '2018-09-24 10:57:54', '2018-09-24 10:57:54'),
(72, 'velit', 'Nam et nesciunt aut quia qui id. Esse quis facilis similique laborum pariatur sequi consequuntur. Nobis natus rerum voluptatibus eum est et. Atque impedit iure nam expedita nihil voluptatem.', 4405, 3, 40, '2018-09-24 10:57:54', '2018-09-24 10:57:54'),
(73, 'praesentium', 'Harum qui explicabo quia recusandae odio. Excepturi quidem ex qui ipsum qui. Saepe ex id iste explicabo necessitatibus.', 4939, 2, 32, '2018-09-24 10:57:54', '2018-09-24 10:57:54'),
(74, 'velit', 'Ratione quos voluptates dolores dolor et et. Qui facere enim eos qui eaque minus. Fugit ullam consectetur ut tempora ut distinctio.', 7206, 2, 2, '2018-09-24 10:57:54', '2018-09-24 10:57:54'),
(75, 'aut', 'Quis molestiae quis qui illo adipisci. Qui optio error ratione enim eaque. Nulla rerum quaerat aut quis id.', 6873, 2, 37, '2018-09-24 10:57:54', '2018-09-24 10:57:54'),
(76, 'in', 'Veritatis delectus in ut. Voluptate nihil voluptatibus iure sit consequatur esse odit. Nostrum eveniet omnis voluptas exercitationem maxime aut. Qui deserunt et modi iste dignissimos sed.', 8985, 8, 16, '2018-09-24 10:57:55', '2018-09-24 10:57:55'),
(77, 'ut', 'Cumque veritatis doloremque iste voluptate culpa quaerat adipisci alias. Unde itaque dolores harum nesciunt sapiente enim iste consequatur.', 2311, 1, 47, '2018-09-24 10:57:55', '2018-09-24 10:57:55'),
(78, 'architecto', 'Est et voluptas commodi. Non assumenda velit velit nihil beatae. Temporibus voluptas nobis maxime ullam eveniet possimus. Iste vero vel sequi.', 1480, 5, 24, '2018-09-24 10:57:55', '2018-09-24 10:57:55'),
(79, 'facilis', 'Distinctio consequuntur dignissimos laboriosam eaque. At et ipsam veniam qui dolore. Repellendus qui ea placeat nostrum voluptates.', 7200, 2, 49, '2018-09-24 10:57:55', '2018-09-24 10:57:55'),
(80, 'enim', 'Explicabo exercitationem saepe minima. Ut quia sit ipsa asperiores ut blanditiis. Id corrupti quod et tenetur atque.', 8991, 3, 14, '2018-09-24 10:57:55', '2018-09-24 10:57:55'),
(81, 'est', 'Omnis est officiis perspiciatis sit libero qui. Sequi corporis asperiores quas. Iure porro delectus aut enim qui ratione.', 1904, 5, 33, '2018-09-24 10:57:55', '2018-09-24 10:57:55'),
(82, 'qui', 'Earum repellendus totam quia sequi. Rerum omnis perferendis natus ab consequatur enim sunt. Veritatis iure magni quia veniam. Praesentium ad minima in architecto.', 6990, 9, 2, '2018-09-24 10:57:55', '2018-09-24 10:57:55'),
(83, 'similique', 'Delectus fuga consequatur numquam nemo. Sunt aut nemo autem quaerat perspiciatis dicta. Alias consectetur fugiat corporis.', 412, 8, 9, '2018-09-24 10:57:55', '2018-09-24 10:57:55'),
(84, 'et', 'Iure vel officia non reiciendis aut ut. Quis sed quia facilis nostrum rerum quasi temporibus. Sunt error dolor ut voluptatem. Quam quam repellat ea mollitia in repudiandae unde. Ipsam occaecati enim aliquid natus qui blanditiis animi.', 6187, 5, 32, '2018-09-24 10:57:55', '2018-09-24 10:57:55'),
(85, 'officia', 'Minus impedit ad quia ipsa. Autem vel consectetur asperiores sunt ut voluptatem ullam est. Officiis perferendis aut voluptate et. Velit placeat aut reiciendis ratione.', 8630, 4, 42, '2018-09-24 10:57:55', '2018-09-24 10:57:55'),
(86, 'id', 'Sunt dolor possimus quos iste. Ipsa itaque aut cupiditate. Et fuga amet ipsum sit autem tempora. Dolorem cum explicabo sit nisi voluptas.', 312, 6, 47, '2018-09-24 10:57:55', '2018-09-24 10:57:55'),
(87, 'ratione', 'Ipsa quas aut eum iure. Totam nihil dolor alias laboriosam. Omnis labore ratione sed nihil perspiciatis enim et.', 4521, 4, 34, '2018-09-24 10:57:55', '2018-09-24 10:57:55'),
(88, 'excepturi', 'At quia rem voluptate itaque consequatur mollitia aliquam. Et ab iste voluptas molestiae est voluptatem.', 4470, 7, 44, '2018-09-24 10:57:55', '2018-09-24 10:57:55'),
(89, 'incidunt', 'Ea est omnis nihil et fugit repellendus. Rerum consequuntur ut occaecati velit. Quaerat voluptas culpa voluptatem quam nam. Est aut sunt placeat accusantium rem quia.', 7769, 7, 5, '2018-09-24 10:57:55', '2018-09-24 10:57:55'),
(90, 'unde', 'Maxime assumenda voluptatibus ea aperiam praesentium accusantium in. Nesciunt nisi dolorum autem enim. Commodi tempora enim aliquam a nostrum doloremque sit et.', 3609, 0, 46, '2018-09-24 10:57:55', '2018-09-24 10:57:55'),
(91, 'enim', 'Illo eaque et consequatur fuga sit. Voluptas culpa ipsa in aut occaecati ut ut consequatur.', 1100, 1, 31, '2018-09-24 10:57:55', '2018-09-24 10:57:55'),
(92, 'mollitia', 'Autem quos assumenda labore quos. Rerum incidunt aspernatur placeat voluptatem. Qui sunt distinctio quam aliquam. Sit non autem velit.', 7328, 2, 31, '2018-09-24 10:57:55', '2018-09-24 10:57:55'),
(93, 'inventore', 'Tempore ut ea aperiam perferendis non ipsum. Est rerum labore quia non accusantium quas. Aut veritatis molestiae cupiditate aspernatur possimus dolor. Quod quod et quisquam deleniti aut aperiam labore nihil.', 3316, 4, 22, '2018-09-24 10:57:55', '2018-09-24 10:57:55'),
(94, 'deleniti', 'Rerum vero labore nihil. Nam maiores ut tempore quod et delectus. Nihil quas accusamus laudantium iure iure rem sed.', 4500, 0, 2, '2018-09-24 10:57:55', '2018-09-24 10:57:55'),
(95, 'non', 'Et labore in ut consequatur quos officia ad. At et sed ex enim. Ratione quae ipsa consequuntur animi. Ratione accusantium voluptatem officiis.', 1164, 5, 35, '2018-09-24 10:57:55', '2018-09-24 10:57:55'),
(96, 'tempore', 'Molestias sequi rerum ipsum nulla a repudiandae. At dolorem aut nobis libero fuga et nostrum. Ea omnis dolorem quia a voluptas illo. Beatae et reprehenderit et eveniet voluptas.', 461, 6, 19, '2018-09-24 10:57:55', '2018-09-24 10:57:55'),
(97, 'est', 'Voluptas neque quis rerum omnis. Dolorem debitis nemo repellat eum aut temporibus. Atque ratione ullam perferendis eaque voluptatum mollitia.', 4613, 3, 26, '2018-09-24 10:57:55', '2018-09-24 10:57:55'),
(98, 'dolorem', 'Dolorem omnis unde eius tempora ipsam. Reprehenderit voluptas vel aut ratione. Esse rerum tempore quos qui velit excepturi autem. Dolorum consequatur distinctio cumque aliquid quia.', 6567, 2, 10, '2018-09-24 10:57:55', '2018-09-24 10:57:55'),
(99, 'eaque', 'Possimus eligendi cupiditate nesciunt tenetur omnis eius. Quasi quis officia quae hic. Fuga et maxime voluptatem et. Autem veritatis non enim reiciendis eum magni.', 5699, 2, 13, '2018-09-24 10:57:55', '2018-09-24 10:57:55'),
(100, 'cupiditate', 'Cupiditate alias eum sapiente saepe corporis aspernatur. Praesentium et quod cumque voluptas. Rem natus dolorum itaque ut.', 949, 9, 12, '2018-09-24 10:57:55', '2018-09-24 10:57:55'),
(101, 'ut', 'Incidunt sunt deleniti itaque assumenda. Eum quam animi aspernatur nihil odit reprehenderit similique. Ut velit assumenda id sed quo ut.', 2199, 9, 41, '2018-09-24 11:06:35', '2018-09-24 11:06:35'),
(102, 'deleniti', 'Similique ut sed sapiente est porro. In possimus odit quo voluptatem recusandae nihil. Doloremque vitae deserunt consequatur dolores et sunt nemo.', 2262, 3, 28, '2018-09-24 11:06:35', '2018-09-24 11:06:35'),
(103, 'omnis', 'Qui in omnis qui accusantium. Voluptatibus ut delectus quisquam amet eligendi. Ut nulla necessitatibus soluta ad repellendus unde. Voluptas ex voluptas molestias voluptates temporibus aut et.', 8145, 4, 38, '2018-09-24 11:06:35', '2018-09-24 11:06:35'),
(104, 'quia', 'Aliquam cum quo vel maiores natus. Ut veniam assumenda ipsam. At et ratione possimus eius quod magni id.', 2064, 4, 13, '2018-09-24 11:06:35', '2018-09-24 11:06:35'),
(105, 'distinctio', 'Molestias quo quis ullam eos nesciunt rerum distinctio. Laudantium ut saepe illo omnis. Harum recusandae quae eligendi explicabo et qui.', 1451, 2, 26, '2018-09-24 11:06:35', '2018-09-24 11:06:35'),
(106, 'magnam', 'Veniam quos voluptatum modi. Officiis non quo soluta voluptatem quo. Dolorem consequatur reprehenderit aut unde quia.', 8070, 2, 7, '2018-09-24 11:06:35', '2018-09-24 11:06:35'),
(107, 'nulla', 'Eum repudiandae accusantium quia enim voluptate et vel. Consequatur illum harum ad molestias voluptas quibusdam. Sit unde porro omnis mollitia cupiditate nesciunt. Reiciendis voluptas expedita laudantium nihil.', 5378, 9, 40, '2018-09-24 11:06:35', '2018-09-24 11:06:35'),
(108, 'alias', 'Quibusdam omnis sed minima quasi. Deleniti ut sapiente eaque et. Ut aut doloribus velit dicta incidunt aperiam error. Dolore qui quam dolor consectetur qui ullam vel dolorum. Corrupti quaerat molestiae architecto delectus est incidunt iste optio.', 1426, 6, 33, '2018-09-24 11:06:35', '2018-09-24 11:06:35'),
(109, 'ducimus', 'Mollitia sunt maxime porro unde. Quia earum quia consequatur accusamus voluptas impedit. Sequi soluta soluta sint accusamus sit distinctio.', 1862, 2, 26, '2018-09-24 11:06:35', '2018-09-24 11:06:35'),
(110, 'consequatur', 'Tempora nobis neque voluptas quia a. Omnis provident sint rerum voluptatibus. Numquam fuga et sed iusto autem pariatur. Eius recusandae totam sit.', 861, 4, 41, '2018-09-24 11:06:35', '2018-09-24 11:06:35'),
(111, 'quasi', 'Consequatur nisi aspernatur rerum provident sint. Itaque et ipsam eaque molestias accusamus hic voluptatem. Sapiente earum et doloribus consequatur quae laboriosam sunt molestiae. Debitis optio in qui eos.', 5573, 8, 14, '2018-09-24 11:06:35', '2018-09-24 11:06:35'),
(112, 'nisi', 'Quisquam et odio et facilis vel eos molestias. Et unde dolorum deserunt veritatis sunt ut voluptatem. Reprehenderit id laborum accusantium aspernatur dolor. Voluptas consectetur in nulla a autem.', 5650, 1, 26, '2018-09-24 11:06:35', '2018-09-24 11:06:35'),
(113, 'voluptatibus', 'Non quo id et voluptatem odio molestias dolor. Nihil aliquam est dignissimos sint nemo. Temporibus impedit numquam numquam.', 6606, 4, 33, '2018-09-24 11:06:35', '2018-09-24 11:06:35'),
(114, 'quia', 'Reprehenderit eos id voluptatem. In adipisci asperiores illo unde quod. Quam repudiandae voluptatum et laborum sit consequatur ducimus. In voluptatibus voluptate sint voluptates voluptatum ipsum quia. Dolor praesentium qui enim placeat.', 6859, 6, 26, '2018-09-24 11:06:35', '2018-09-24 11:06:35'),
(115, 'laboriosam', 'Dolorem odio placeat sed fugit. Autem doloremque vel necessitatibus. Consequuntur dolorum error natus tempore enim. Sed expedita voluptas voluptatem ea rerum nihil. Eaque et qui reiciendis beatae ullam eum.', 3622, 0, 46, '2018-09-24 11:06:35', '2018-09-24 11:06:35'),
(116, 'tempora', 'Nihil quasi et dicta rerum voluptas magnam maxime voluptatem. Temporibus doloremque animi rerum itaque iste. Atque eum ipsum itaque quia numquam debitis. Sequi sapiente dicta et aliquid magni.', 2481, 6, 40, '2018-09-24 11:06:35', '2018-09-24 11:06:35'),
(117, 'ut', 'Et aut at consequuntur eum saepe modi nulla. Dolorem nulla fugiat impedit ex. Ea quis dignissimos modi quia. Exercitationem tempore eius dolor inventore.', 7062, 7, 28, '2018-09-24 11:06:36', '2018-09-24 11:06:36'),
(118, 'et', 'Quia beatae vero sequi voluptate rerum et nostrum. Et delectus excepturi corporis quo. Accusantium repellat vel ut dolorem.', 5501, 7, 48, '2018-09-24 11:06:36', '2018-09-24 11:06:36'),
(119, 'assumenda', 'Dolor tenetur veritatis autem sed voluptatem et. Dolores quod ea voluptatem consequatur assumenda quas blanditiis nihil. Aspernatur beatae sequi tempore sit. Nam autem eveniet aliquid voluptatem ut rem.', 5080, 7, 22, '2018-09-24 11:06:36', '2018-09-24 11:06:36'),
(120, 'ullam', 'Doloremque est omnis tempora recusandae. Fuga quia eum id totam nesciunt recusandae ex consectetur. Laboriosam ut ea saepe iure alias. Ut ab reprehenderit ipsa sit est enim.', 5565, 6, 3, '2018-09-24 11:06:36', '2018-09-24 11:06:36'),
(121, 'atque', 'Inventore quae voluptas nisi alias animi dolor. Quis sit magni enim. At est voluptatum laborum ex voluptatem est.', 8691, 7, 8, '2018-09-24 11:06:36', '2018-09-24 11:06:36'),
(122, 'dolores', 'Enim est impedit enim et dolorem et omnis rerum. Aut sapiente recusandae autem suscipit. Quaerat omnis dolorum voluptas corrupti maiores vel aperiam quasi.', 3962, 3, 20, '2018-09-24 11:06:36', '2018-09-24 11:06:36'),
(123, 'qui', 'Illum quas assumenda et aut autem ea voluptatibus necessitatibus. Sed optio dolor assumenda neque est voluptas amet dolor. Qui sunt ad tempora molestiae cupiditate modi vero. Odio placeat rerum sint molestias laborum.', 6035, 5, 29, '2018-09-24 11:06:36', '2018-09-24 11:06:36'),
(124, 'et', 'Nostrum aut et ratione sit maiores illum eos. Non et magnam vero quis non qui. Non dolores quia alias eligendi quis velit.', 190, 4, 30, '2018-09-24 11:06:36', '2018-09-24 11:06:36'),
(125, 'fugiat', 'Repellat harum iste optio sit ut sunt. Blanditiis et voluptatem placeat aut animi. Accusamus explicabo dolores eius reiciendis molestiae sit. Quae veniam incidunt aut pariatur quod at rerum.', 2433, 9, 29, '2018-09-24 11:06:36', '2018-09-24 11:06:36'),
(126, 'distinctio', 'Dignissimos sequi et et sed voluptatum est adipisci. Excepturi minima cum accusantium ut qui. Repellendus ullam vitae doloribus porro.', 904, 4, 21, '2018-09-24 11:06:36', '2018-09-24 11:06:36'),
(127, 'eum', 'Et quis aliquid quis sed nemo minus. Quasi ipsa voluptas voluptas esse. Quas hic at dicta. Quo aliquid omnis voluptatem minima.', 2842, 5, 48, '2018-09-24 11:06:36', '2018-09-24 11:06:36'),
(128, 'quasi', 'Dicta a in sed ab enim. Autem praesentium occaecati natus perspiciatis exercitationem quo. Esse reprehenderit accusantium aut tenetur.', 7661, 2, 38, '2018-09-24 11:06:36', '2018-09-24 11:06:36'),
(129, 'consequatur', 'Saepe mollitia ipsum aliquam nostrum eum repellat. Libero ducimus fuga repudiandae dolores mollitia nemo. Itaque autem sequi aliquid sint et.', 4925, 3, 29, '2018-09-24 11:06:36', '2018-09-24 11:06:36'),
(130, 'quas', 'Dolore et in consequatur id harum ea itaque. Mollitia qui unde soluta natus eius laudantium dolorem tempore. Aperiam nihil quidem a doloremque. Laborum praesentium veritatis doloremque.', 6340, 9, 28, '2018-09-24 11:06:36', '2018-09-24 11:06:36'),
(131, 'aut', 'Beatae nihil nihil officia consectetur quo. Ad consequatur sint in sapiente aperiam adipisci quia. Maxime ratione aut voluptas quo et dolor commodi.', 5716, 2, 17, '2018-09-24 11:06:36', '2018-09-24 11:06:36'),
(132, 'at', 'Consequuntur est quidem ex iure quis. Dignissimos voluptates labore numquam quas explicabo. Quia aut autem at recusandae. Accusantium ducimus omnis quia ea hic.', 3884, 6, 39, '2018-09-24 11:06:36', '2018-09-24 11:06:36'),
(133, 'assumenda', 'Animi eaque facere est ipsum error voluptates eligendi. Tempore praesentium numquam non asperiores quia et. Unde provident porro doloremque minus asperiores. Sed veritatis voluptatibus qui ipsum. Ex labore dicta vel.', 6947, 2, 29, '2018-09-24 11:06:36', '2018-09-24 11:06:36'),
(134, 'ratione', 'Ab aut perspiciatis laboriosam voluptas ea ut qui assumenda. Laborum asperiores eligendi consectetur voluptates in aut qui. Cupiditate occaecati nam consequatur. Odit quam quam distinctio recusandae est culpa.', 5913, 9, 38, '2018-09-24 11:06:36', '2018-09-24 11:06:36'),
(135, 'inventore', 'A excepturi fugit quia laborum. Iure non quod nihil culpa commodi.', 1708, 8, 3, '2018-09-24 11:06:36', '2018-09-24 11:06:36'),
(136, 'quod', 'Autem soluta et sint totam delectus ab facere. Molestiae repellat omnis distinctio vero. Quam eaque et dolores aut.', 7837, 9, 2, '2018-09-24 11:06:36', '2018-09-24 11:06:36'),
(137, 'animi', 'Occaecati perferendis iste qui voluptas voluptate. Minus earum aut et ipsam non minus quisquam. Aut non repudiandae aliquam tempore. Accusantium provident vero et nulla amet.', 3154, 0, 24, '2018-09-24 11:06:36', '2018-09-24 11:06:36'),
(138, 'excepturi', 'Maiores pariatur eius labore est. Aut quas laborum sed cupiditate consectetur ea. Provident provident eum qui facere sed ea.', 8823, 3, 45, '2018-09-24 11:06:36', '2018-09-24 11:06:36'),
(139, 'eius', 'Quis quia voluptates et possimus eos doloremque inventore. Harum cumque dignissimos ea. Facilis voluptatem eos architecto aliquam fuga impedit.', 6645, 8, 43, '2018-09-24 11:06:36', '2018-09-24 11:06:36'),
(140, 'facere', 'Aut nostrum quaerat exercitationem eius nostrum voluptatum. Quidem voluptatum molestiae sunt veritatis. Natus esse et culpa et aut quasi possimus.', 3015, 6, 3, '2018-09-24 11:06:36', '2018-09-24 11:06:36'),
(141, 'perspiciatis', 'Sint aspernatur voluptatem sit sint. Minima quisquam rerum dolorem rem fugit. Quia qui adipisci libero ut. Id repellat nisi sunt molestiae expedita qui ut dolorem.', 409, 7, 15, '2018-09-24 11:06:36', '2018-09-24 11:06:36'),
(142, 'minima', 'Et nihil laboriosam aut officia. Distinctio vitae aut omnis sit nisi fuga est et. Porro ea natus hic beatae iste exercitationem voluptates. Minima aut et omnis.', 2751, 2, 19, '2018-09-24 11:06:36', '2018-09-24 11:06:36'),
(143, 'ratione', 'Ut fuga inventore non perspiciatis totam quas perferendis atque. Dolorum facere aliquid mollitia nostrum sequi. Vero necessitatibus nihil veritatis itaque.', 4818, 0, 40, '2018-09-24 11:06:36', '2018-09-24 11:06:36'),
(144, 'id', 'Qui esse tempore alias porro et voluptas est. Dolores expedita qui et. Perspiciatis natus doloribus ea impedit rerum.', 4604, 6, 45, '2018-09-24 11:06:36', '2018-09-24 11:06:36'),
(145, 'reprehenderit', 'Harum quo et dolorem totam quae in. Cupiditate aut eveniet rerum et sequi et distinctio. Qui reiciendis et nemo. Eum in illo reiciendis et eum in.', 1779, 8, 13, '2018-09-24 11:06:36', '2018-09-24 11:06:36'),
(146, 'labore', 'Eum ea commodi inventore quos. Fuga minus vitae nesciunt excepturi laboriosam. Eos enim culpa in et sit aperiam reprehenderit.', 2951, 0, 45, '2018-09-24 11:06:36', '2018-09-24 11:06:36'),
(147, 'quae', 'Quis quo aut officiis sed. Iste iste deleniti fugiat. Dolores nihil non eveniet aut laudantium. Distinctio quod eum et voluptas eos earum omnis.', 6034, 4, 41, '2018-09-24 11:06:36', '2018-09-24 11:06:36'),
(148, 'soluta', 'Labore sed dolores quo provident enim. Repellendus voluptatem veritatis dolores eum harum. Voluptas suscipit ullam error ut nihil.', 7572, 5, 4, '2018-09-24 11:06:36', '2018-09-24 11:06:36'),
(149, 'consequatur', 'Dicta magni omnis cum debitis ut occaecati. Vel tempora consequuntur illum quia et cum vel. Et animi aut magni necessitatibus qui soluta. Consequatur quisquam atque aspernatur nobis necessitatibus.', 2085, 3, 3, '2018-09-24 11:06:36', '2018-09-24 11:06:36'),
(150, 'aut', 'Quis quidem alias nesciunt quia saepe voluptas optio. Dolore perferendis unde temporibus excepturi laborum et libero. Facere quod laborum ex occaecati voluptas.', 5065, 7, 21, '2018-09-24 11:06:37', '2018-09-24 11:06:37'),
(151, 'officiis', 'Cum qui architecto pariatur est architecto est. Repellendus nobis dolores quam architecto aut voluptates. In eaque iure ipsam culpa excepturi et. Consequatur numquam et voluptas eius quo.', 8483, 7, 37, '2018-09-24 11:10:06', '2018-09-24 11:10:06'),
(152, 'officia', 'Similique amet cupiditate ut dignissimos quo. Corporis dolore sed qui dignissimos vel illo ut. Aspernatur et aperiam voluptate voluptas nihil eligendi non.', 1788, 2, 14, '2018-09-24 11:10:06', '2018-09-24 11:10:06'),
(153, 'et', 'Ea non laudantium voluptatem aut inventore iste doloremque qui. Sapiente earum suscipit doloribus ducimus. Magnam similique sunt itaque sunt. Neque excepturi excepturi pariatur aliquid aut voluptatem.', 4291, 2, 21, '2018-09-24 11:10:06', '2018-09-24 11:10:06'),
(154, 'laboriosam', 'Mollitia non et tenetur libero quod. Vero atque et sit dolore. Quidem voluptate blanditiis aperiam molestiae doloribus. Sint non totam reiciendis eos sit mollitia.', 3934, 0, 17, '2018-09-24 11:10:06', '2018-09-24 11:10:06'),
(155, 'suscipit', 'Id minima in eos. Officiis quia id repellendus illo error sit maxime. Harum tenetur reiciendis commodi reiciendis nobis. Rerum omnis et ipsum perferendis vitae.', 2233, 2, 41, '2018-09-24 11:10:06', '2018-09-24 11:10:06'),
(156, 'eaque', 'Ullam nobis iste asperiores occaecati reiciendis enim. Qui ratione laboriosam doloribus explicabo autem. Aut qui id voluptatem ipsa et placeat. Voluptatum exercitationem cumque suscipit quas mollitia. Repudiandae et beatae tempora nam molestiae deserunt.', 602, 9, 49, '2018-09-24 11:10:06', '2018-09-24 11:10:06'),
(157, 'voluptatibus', 'Cupiditate nemo non qui et dignissimos cupiditate error. Consequuntur voluptatem vero ipsum ut autem. Eos non minus magni harum recusandae corporis.', 3005, 4, 41, '2018-09-24 11:10:06', '2018-09-24 11:10:06'),
(158, 'voluptas', 'Neque sint quod consequatur quo sint recusandae aliquam temporibus. Commodi ad a omnis quis voluptas expedita consequatur veniam. Sunt reiciendis quia voluptatem voluptatem. Necessitatibus et facere illum dolor amet voluptatem vel.', 1431, 8, 15, '2018-09-24 11:10:06', '2018-09-24 11:10:06'),
(159, 'officia', 'Alias impedit culpa perferendis a hic optio. Maiores dolor totam ullam sit omnis voluptas sed. Qui ad voluptas ipsum totam est. Nemo odit est dolorem officiis atque vitae.', 7534, 0, 27, '2018-09-24 11:10:06', '2018-09-24 11:10:06'),
(160, 'quas', 'Dolore ipsa nulla esse sint deserunt qui consequatur ex. Dolor et cum recusandae quasi omnis. Accusamus placeat non consequatur exercitationem.', 2173, 7, 28, '2018-09-24 11:10:06', '2018-09-24 11:10:06'),
(161, 'quisquam', 'Et molestiae enim id sed tenetur dignissimos expedita. Veniam quas sit possimus. Dignissimos unde ut voluptatem totam est iusto. Et ea sed laboriosam itaque sed.', 1092, 8, 19, '2018-09-24 11:10:06', '2018-09-24 11:10:06'),
(162, 'ut', 'Voluptas aut voluptatem cum enim rem dolores. Dicta et aspernatur quae vel. Omnis eligendi cumque rerum.', 6873, 5, 26, '2018-09-24 11:10:07', '2018-09-24 11:10:07'),
(163, 'qui', 'Nostrum non blanditiis necessitatibus recusandae adipisci. A eius cum vitae dignissimos laudantium. Consequuntur quibusdam aut sunt illo. Iure rem quaerat quo aperiam fuga. Enim neque placeat aut et autem alias.', 2137, 0, 33, '2018-09-24 11:10:07', '2018-09-24 11:10:07'),
(164, 'qui', 'Asperiores hic distinctio maiores modi nisi illo qui sequi. Animi rerum debitis aspernatur eveniet necessitatibus officia ut. Eius eum veritatis dignissimos ut maxime dolore qui atque.', 7423, 5, 49, '2018-09-24 11:10:07', '2018-09-24 11:10:07'),
(165, 'corrupti', 'Qui quis aspernatur error quia. Qui harum eum expedita autem cum qui. Et quisquam eligendi sit et repellendus iusto praesentium minus. Quia et aspernatur quas quia aspernatur.', 2843, 6, 5, '2018-09-24 11:10:07', '2018-09-24 11:10:07'),
(166, 'et', 'Dolor excepturi unde officiis qui. Et omnis nihil possimus vero. Placeat consequuntur et iure tempora earum ut qui. Eius animi ex magni officia quis aspernatur accusamus nisi.', 8326, 1, 17, '2018-09-24 11:10:07', '2018-09-24 11:10:07'),
(167, 'qui', 'Quis possimus aliquid nostrum sit. Quasi sed ducimus veritatis tempora reiciendis. Neque unde ut animi atque ratione beatae.', 3654, 8, 8, '2018-09-24 11:10:07', '2018-09-24 11:10:07'),
(168, 'natus', 'Aspernatur numquam debitis aut ex. Fugit molestias perferendis dolorum officia nihil aut debitis. Aliquid incidunt molestias veniam similique at ex doloremque. Rerum non non aut quam harum dolorem iste.', 4820, 0, 38, '2018-09-24 11:10:07', '2018-09-24 11:10:07'),
(169, 'quam', 'Qui odit porro iste autem itaque sit quaerat. Natus sed commodi eum vel.', 6713, 1, 48, '2018-09-24 11:10:07', '2018-09-24 11:10:07'),
(170, 'sapiente', 'Eligendi voluptate inventore rerum tempora magnam. Molestiae maiores natus rerum totam molestias. Voluptates autem quod autem quos architecto non.', 6691, 9, 36, '2018-09-24 11:10:07', '2018-09-24 11:10:07'),
(171, 'dolores', 'Et ut aut eos autem. Eligendi cum esse expedita quibusdam aut sunt ut. Dolorem magni sunt minus.', 5059, 7, 4, '2018-09-24 11:10:07', '2018-09-24 11:10:07'),
(172, 'perferendis', 'Quis excepturi itaque et. Quas et cumque quia incidunt placeat. Et reiciendis saepe et repellendus ut ea.', 8169, 0, 32, '2018-09-24 11:10:07', '2018-09-24 11:10:07'),
(173, 'quos', 'Harum voluptas blanditiis nostrum provident sapiente qui deleniti. Dolore esse qui suscipit laudantium. Atque facilis placeat ea. Sint qui et ex omnis voluptatum laudantium.', 6660, 4, 7, '2018-09-24 11:10:07', '2018-09-24 11:10:07'),
(174, 'ea', 'Dignissimos sed et autem sunt fuga. Aliquid rerum tenetur sequi error. Et quidem ut consequatur odio.', 3730, 4, 33, '2018-09-24 11:10:07', '2018-09-24 11:10:07'),
(175, 'at', 'Excepturi a aliquid assumenda quae consequatur ipsa. Voluptatem id et numquam consequatur ea qui est.', 8178, 8, 3, '2018-09-24 11:10:07', '2018-09-24 11:10:07'),
(176, 'voluptatem', 'Molestiae illum aut minus. Dolorem vel cupiditate voluptates beatae aspernatur ut sint. Quisquam hic ullam ipsum praesentium tempora. Quae nulla assumenda doloribus facilis.', 4704, 7, 8, '2018-09-24 11:10:07', '2018-09-24 11:10:07'),
(177, 'ut', 'Nisi quas illo consequatur. Eum quaerat itaque qui ut. Dignissimos voluptates quod itaque esse rem itaque. Recusandae eum cupiditate quo ea numquam non tenetur.', 2534, 3, 39, '2018-09-24 11:10:07', '2018-09-24 11:10:07'),
(178, 'et', 'Eos consequuntur voluptas fugiat ea id voluptate laborum. Non blanditiis amet excepturi at doloremque saepe officiis. Nisi itaque libero aut odit in et.', 4200, 1, 2, '2018-09-24 11:10:07', '2018-09-24 11:10:07'),
(179, 'veniam', 'Vitae sit reprehenderit nostrum distinctio. Incidunt quia dolor at dolorem. Beatae harum aut et minima minima. Vitae illum ut dolorem provident.', 2857, 8, 32, '2018-09-24 11:10:07', '2018-09-24 11:10:07'),
(180, 'nulla', 'Quia dicta sed cupiditate reiciendis occaecati. Iste consequatur ut quam aut illum.', 7755, 7, 17, '2018-09-24 11:10:07', '2018-09-24 11:10:07'),
(181, 'dolorem', 'Necessitatibus enim aut blanditiis et et voluptate. Autem aspernatur alias voluptas magni sit aut. Quae inventore suscipit possimus sapiente necessitatibus.', 2134, 4, 31, '2018-09-24 11:10:07', '2018-09-24 11:10:07'),
(182, 'eveniet', 'Quis quisquam ea provident est eius. Molestiae delectus quod perspiciatis non sequi dolore. Maiores placeat quo laboriosam porro quae non est. Aliquid ab incidunt ut quia. Aspernatur nam vero rem et dolor.', 3867, 0, 34, '2018-09-24 11:10:07', '2018-09-24 11:10:07'),
(183, 'ex', 'Accusantium omnis incidunt unde vel recusandae ipsa laborum. Eum praesentium et eaque perferendis ut consectetur. Aspernatur exercitationem voluptatem debitis non.', 1373, 7, 39, '2018-09-24 11:10:07', '2018-09-24 11:10:07'),
(184, 'architecto', 'Velit assumenda qui quibusdam vel odio aut. Omnis tempore qui reiciendis et vero voluptatem dolores quo. Voluptate quas nisi optio nulla.', 3581, 7, 11, '2018-09-24 11:10:07', '2018-09-24 11:10:07'),
(185, 'deserunt', 'Nesciunt mollitia magni eaque. Quia consequatur eos illum dolorum sequi cum. Quia omnis dolore iusto aut.', 1934, 0, 27, '2018-09-24 11:10:07', '2018-09-24 11:10:07'),
(186, 'sunt', 'In optio facilis in minus consequuntur quia. Perferendis vel ex ab accusamus rerum. Mollitia odio labore tempore dolorem labore debitis.', 3701, 9, 25, '2018-09-24 11:10:07', '2018-09-24 11:10:07'),
(187, 'error', 'Alias consequatur et excepturi eius. Distinctio omnis incidunt cupiditate quia dolorum corporis veritatis. Ex iure repellendus nostrum quia hic perspiciatis.', 5215, 4, 10, '2018-09-24 11:10:07', '2018-09-24 11:10:07'),
(188, 'reprehenderit', 'Dolorum maiores a voluptas aperiam. Minima voluptas mollitia amet quaerat quia.', 190, 0, 8, '2018-09-24 11:10:07', '2018-09-24 11:10:07'),
(189, 'quam', 'Quis omnis saepe maiores totam voluptas soluta explicabo. Quis quo eligendi debitis voluptatem exercitationem quis. Ad velit esse incidunt.', 1001, 6, 6, '2018-09-24 11:10:08', '2018-09-24 11:10:08'),
(190, 'totam', 'Quisquam molestiae dolore voluptas natus unde cupiditate dignissimos impedit. Consequuntur voluptatem nam sed voluptatum id. Corporis et culpa magni animi vitae provident. Sequi et tempore impedit cumque. Placeat qui perferendis vel quo dolor id consequatur.', 4788, 5, 10, '2018-09-24 11:10:08', '2018-09-24 11:10:08'),
(191, 'facilis', 'Est dolorem dolor mollitia eaque enim non perferendis. Ea inventore provident harum.', 7906, 6, 40, '2018-09-24 11:10:08', '2018-09-24 11:10:08'),
(192, 'iusto', 'Est beatae hic maxime tenetur est. Et accusantium ea vel rerum autem sit. Commodi ipsa nisi dolores et et dolor omnis. Fugit earum voluptate ad repellat. Natus vel aut aspernatur.', 6573, 0, 7, '2018-09-24 11:10:08', '2018-09-24 11:10:08'),
(193, 'et', 'Est maxime nostrum est veniam. Hic amet aut dicta tempore. Dignissimos magnam fugiat sequi illo unde et et.', 5068, 8, 2, '2018-09-24 11:10:08', '2018-09-24 11:10:08'),
(194, 'et', 'Nam quos vero quos maiores veritatis. Ducimus porro dolores et reprehenderit ut.', 770, 1, 13, '2018-09-24 11:10:08', '2018-09-24 11:10:08'),
(195, 'magnam', 'Itaque voluptatem rem aliquid reprehenderit suscipit sunt. Sed animi in adipisci libero odio est. Adipisci iusto nihil ut ullam. Repellat incidunt nam rem adipisci rerum alias.', 1207, 3, 12, '2018-09-24 11:10:08', '2018-09-24 11:10:08'),
(196, 'aut', 'Voluptatem dolor placeat aut iusto fugit error. Debitis consequatur perspiciatis et qui ut nisi placeat. Expedita esse molestiae laboriosam architecto non voluptatem modi.', 7427, 4, 4, '2018-09-24 11:10:08', '2018-09-24 11:10:08'),
(197, 'id', 'Ratione quia animi repellat qui aut veniam error. Facilis maxime natus quis facilis quis quae quaerat. Illum vel quam voluptas provident pariatur velit.', 6595, 3, 38, '2018-09-24 11:10:08', '2018-09-24 11:10:08'),
(198, 'minus', 'Fugit et laudantium dignissimos praesentium dicta. Ab vel praesentium dolores. Quis ea aut nobis laudantium.', 2834, 9, 4, '2018-09-24 11:10:08', '2018-09-24 11:10:08'),
(199, 'perspiciatis', 'Dignissimos minima dolor aliquam ut voluptatem. Quisquam et provident aut exercitationem adipisci quo. Assumenda iste voluptatum quas perspiciatis aliquam. Necessitatibus nihil amet perferendis sed.', 6013, 6, 22, '2018-09-24 11:10:08', '2018-09-24 11:10:08'),
(200, 'beatae', 'Minima quia quia ut veniam et non et ut. Quasi alias qui neque id minus quos accusamus. Dolores neque nobis repudiandae nihil sed nihil nostrum. Sit doloremque enim nihil consequatur incidunt nulla assumenda.', 7632, 9, 31, '2018-09-24 11:10:08', '2018-09-24 11:10:08'),
(201, 'cupiditate', 'Quia maiores repellat praesentium. Iusto esse sit et sed perferendis id.', 5756, 3, 8, '2018-09-24 11:10:46', '2018-09-24 11:10:46'),
(202, 'accusantium', 'Ut quaerat aliquam tempora. Maxime consequuntur molestiae rem. Veritatis adipisci qui aut libero. Cum alias similique inventore non rerum aut.', 2810, 2, 41, '2018-09-24 11:10:46', '2018-09-24 11:10:46'),
(203, 'deleniti', 'Delectus voluptas natus aperiam error et id est. Perferendis consectetur ducimus incidunt magni numquam. Vero eum occaecati consequatur quidem velit omnis dicta. Eveniet earum consequuntur ipsum eveniet sed deleniti non tenetur. Sunt aut architecto alias repellat.', 2408, 3, 35, '2018-09-24 11:10:46', '2018-09-24 11:10:46'),
(204, 'numquam', 'Quo beatae recusandae mollitia aliquid. Eos quo possimus ullam consectetur. Molestiae voluptatem ut eum culpa. Voluptates qui tempore quia soluta animi et.', 3813, 2, 7, '2018-09-24 11:10:46', '2018-09-24 11:10:46'),
(205, 'quae', 'Corrupti nesciunt quam nihil. Voluptas ut sint hic. Vel sed aut sit sapiente perferendis in quos. Quam ut sint ut ut explicabo.', 5526, 9, 33, '2018-09-24 11:10:47', '2018-09-24 11:10:47'),
(206, 'eveniet', 'Debitis optio quod ut iure sequi. Minima voluptatibus vel magni alias quam exercitationem saepe amet. Ut est enim architecto quo omnis. Laborum voluptatem quibusdam necessitatibus fugit ipsam.', 2600, 3, 35, '2018-09-24 11:10:47', '2018-09-24 11:10:47'),
(207, 'natus', 'Sint enim sequi aspernatur unde accusantium. Omnis repellat vitae sit praesentium est nesciunt eaque vero. Aut sit praesentium ullam ullam praesentium maxime.', 5140, 1, 24, '2018-09-24 11:10:47', '2018-09-24 11:10:47'),
(208, 'libero', 'Praesentium molestias explicabo aut necessitatibus voluptatibus. Est harum repellat soluta dolor enim adipisci. Et fuga et et iusto magnam accusamus. Quisquam eveniet recusandae quis labore possimus.', 227, 3, 31, '2018-09-24 11:10:47', '2018-09-24 11:10:47'),
(209, 'temporibus', 'Quod facilis quis rerum eos porro laborum deleniti. Hic deleniti natus eius repudiandae consectetur odit quod. Eos aut quos impedit et suscipit.', 8823, 7, 24, '2018-09-24 11:10:47', '2018-09-24 11:10:47'),
(210, 'labore', 'Explicabo et qui ut odit sunt voluptas. Facilis ut voluptas aut doloremque atque explicabo. Aliquid architecto ea dolore voluptatem et. Voluptas dolores quae porro.', 4176, 7, 49, '2018-09-24 11:10:47', '2018-09-24 11:10:47'),
(211, 'unde', 'Atque est ducimus fugit quae. Dolorum vero aliquam iste sit. Dolor odit expedita necessitatibus cupiditate numquam natus pariatur voluptatem. Id assumenda dolorem repudiandae molestias similique unde aliquam. Fugiat et numquam quo et non.', 6097, 2, 7, '2018-09-24 11:10:47', '2018-09-24 11:10:47'),
(212, 'illo', 'Expedita impedit enim a error. Rerum reiciendis voluptate velit sequi inventore aut qui. Vel et consequatur alias error.', 3284, 3, 3, '2018-09-24 11:10:47', '2018-09-24 11:10:47'),
(213, 'molestiae', 'Est cumque molestiae nesciunt rerum quisquam nemo. Praesentium quis iusto et sit architecto assumenda facere. Voluptas occaecati labore ea eum ipsam et voluptatem.', 3478, 9, 49, '2018-09-24 11:10:47', '2018-09-24 11:10:47'),
(214, 'ex', 'Dolorum non vel possimus possimus totam vel rerum at. Sed voluptatem voluptas porro rerum voluptatem incidunt dolorum harum. Dignissimos dolor ex sapiente deserunt neque ducimus non. Delectus odit sunt hic vero. Consectetur accusantium esse cupiditate facere nesciunt.', 2951, 6, 2, '2018-09-24 11:10:47', '2018-09-24 11:10:47');
INSERT INTO `products` (`id`, `name`, `detail`, `price`, `stock`, `discount`, `created_at`, `updated_at`) VALUES
(215, 'vel', 'Velit nesciunt beatae aut repellendus est alias illum. Itaque omnis quidem eos placeat. Rem et aut sed eius ut eveniet provident impedit.', 7285, 1, 39, '2018-09-24 11:10:47', '2018-09-24 11:10:47'),
(216, 'placeat', 'Neque qui eius aut qui sit quaerat error. Voluptates autem error dolorem et ad ut. Soluta corporis laudantium numquam aut tempora possimus quia.', 4358, 7, 24, '2018-09-24 11:10:47', '2018-09-24 11:10:47'),
(217, 'quidem', 'Repudiandae illo voluptate tempore quae vero numquam consequatur ut. Reprehenderit omnis accusamus non dolor laudantium eius. Sapiente quibusdam rerum ratione iusto ut. Unde modi est voluptatem.', 8288, 9, 32, '2018-09-24 11:10:47', '2018-09-24 11:10:47'),
(218, 'in', 'Cupiditate corrupti est ab velit. Officiis eveniet est accusantium repellendus est. Quo occaecati qui nihil asperiores repellat quaerat consectetur. Sequi et ullam soluta hic dolores.', 5841, 0, 2, '2018-09-24 11:10:47', '2018-09-24 11:10:47'),
(219, 'nostrum', 'Quos optio nisi eaque quia. Id eos ut labore voluptatem. Unde perferendis non animi.', 8953, 1, 42, '2018-09-24 11:10:47', '2018-09-24 11:10:47'),
(220, 'recusandae', 'Aut iure molestiae velit. Nemo corporis eum architecto suscipit adipisci ducimus. Ut laborum harum laudantium aut autem.', 6668, 9, 6, '2018-09-24 11:10:47', '2018-09-24 11:10:47'),
(221, 'omnis', 'Excepturi dolor voluptatem voluptatem nisi. Quas eum dicta eum qui iste doloribus libero. Eum ducimus voluptates numquam commodi in aut. Consequatur dolores enim ullam qui omnis.', 191, 5, 28, '2018-09-24 11:10:47', '2018-09-24 11:10:47'),
(222, 'distinctio', 'Quo provident architecto illo eveniet ipsa maxime rerum sit. Ratione consequuntur blanditiis voluptate blanditiis. Eius ad nulla et dolor eveniet in quaerat.', 5977, 7, 39, '2018-09-24 11:10:47', '2018-09-24 11:10:47'),
(223, 'omnis', 'Mollitia ex fuga et voluptatem eum dicta. Fugiat voluptatibus ea vel officia quo dolor explicabo impedit. Nihil adipisci et a voluptatem laborum asperiores in. Facere eius error beatae accusantium.', 4373, 1, 17, '2018-09-24 11:10:47', '2018-09-24 11:10:47'),
(224, 'qui', 'Ut repellat omnis suscipit non laboriosam quaerat enim. Ad et veritatis quas. Ut rerum quam est libero. Dolor sapiente ipsum sed laboriosam maiores est labore.', 1043, 3, 26, '2018-09-24 11:10:47', '2018-09-24 11:10:47'),
(225, 'qui', 'Assumenda quis quae alias nisi reprehenderit. Expedita qui nostrum suscipit et illum in.', 485, 3, 11, '2018-09-24 11:10:47', '2018-09-24 11:10:47'),
(226, 'autem', 'Asperiores molestiae eum sunt possimus est aperiam non. Neque ex error facere eos facere velit. Ut hic inventore sunt tenetur.', 5052, 6, 45, '2018-09-24 11:10:47', '2018-09-24 11:10:47'),
(227, 'vitae', 'Aut dolorem nihil odio ad voluptatum ea consequatur. Ad distinctio totam repudiandae alias autem unde nesciunt necessitatibus. Aut ut et quos.', 5420, 6, 27, '2018-09-24 11:10:47', '2018-09-24 11:10:47'),
(228, 'fugit', 'Facere ut consequatur illum consectetur hic rem. Quidem quo ipsam impedit quaerat. Qui autem nobis eum.', 8879, 5, 31, '2018-09-24 11:10:47', '2018-09-24 11:10:47'),
(229, 'et', 'Consequatur voluptatem vel hic nesciunt voluptate ducimus. Tempora a quis odio consequatur. Optio est rerum quaerat excepturi dolorem. Provident sunt ab dolorem nihil similique sapiente hic.', 7582, 7, 24, '2018-09-24 11:10:48', '2018-09-24 11:10:48'),
(230, 'dolore', 'Corporis vel ea veritatis nesciunt aliquid praesentium veritatis. Sequi similique ut deleniti impedit omnis eveniet et. Excepturi quidem earum autem. Qui animi molestias voluptas aliquid delectus facere. Sapiente id laboriosam omnis ut sit eos vero.', 5907, 0, 45, '2018-09-24 11:10:48', '2018-09-24 11:10:48'),
(231, 'voluptatem', 'Nostrum dignissimos ullam quia. Error provident nesciunt id deleniti animi vitae. Natus sit maiores quia quod voluptatibus ipsum dolorem.', 7209, 5, 39, '2018-09-24 11:10:48', '2018-09-24 11:10:48'),
(232, 'sequi', 'Voluptate voluptate ad aut porro optio enim. Autem et tempore cumque. Ullam voluptates pariatur quaerat officiis doloremque numquam. Deleniti expedita non itaque earum et ipsa optio. Et quia dolorem sapiente earum distinctio ipsam.', 7330, 7, 25, '2018-09-24 11:10:48', '2018-09-24 11:10:48'),
(233, 'veniam', 'Animi cupiditate et dolor rerum et vel. Non odio laboriosam magnam ut facere. Aliquid ea numquam voluptate minima iure ut. Autem provident eum illo aut dolor. Consequuntur excepturi nostrum delectus maiores quam non magni et.', 1758, 9, 37, '2018-09-24 11:10:48', '2018-09-24 11:10:48'),
(234, 'officiis', 'Numquam soluta aut temporibus et vel dignissimos quia. Et laborum accusamus et. Amet numquam perferendis rerum voluptatibus alias enim placeat assumenda. Dolorem non non doloremque unde et amet.', 8167, 6, 46, '2018-09-24 11:10:48', '2018-09-24 11:10:48'),
(235, 'ratione', 'Eum sed cupiditate officiis amet qui qui. Quos molestiae adipisci quia sit voluptatibus ad. Laboriosam veniam quidem dolores cum.', 6115, 1, 36, '2018-09-24 11:10:48', '2018-09-24 11:10:48'),
(236, 'quo', 'Excepturi esse commodi amet quisquam amet quia nihil. Impedit autem cum autem sunt unde iste. Consequatur consequatur vel nihil commodi. Rerum sed voluptas corrupti. Et voluptatem est explicabo sit error.', 4228, 3, 37, '2018-09-24 11:10:48', '2018-09-24 11:10:48'),
(237, 'velit', 'Quo earum accusantium repellendus non aut est. Deleniti explicabo laboriosam est esse magnam. Dolorum ut voluptatem laborum sunt laboriosam. Ex placeat ut possimus laborum molestiae.', 1715, 9, 22, '2018-09-24 11:10:48', '2018-09-24 11:10:48'),
(238, 'esse', 'Rem dolor doloribus sit et consectetur fuga repellat. Iste praesentium enim qui soluta sit vitae. Sunt modi commodi dolores voluptatibus velit. Cupiditate vel perspiciatis molestiae quo.', 4990, 1, 13, '2018-09-24 11:10:48', '2018-09-24 11:10:48'),
(239, 'dolor', 'Architecto in officia blanditiis voluptatem tenetur beatae sit. Odio consequatur omnis non. Voluptatibus ut ducimus aliquid neque deleniti sunt.', 996, 5, 38, '2018-09-24 11:10:48', '2018-09-24 11:10:48'),
(240, 'excepturi', 'Sunt ipsam animi ut aspernatur et ea. Accusamus consequatur saepe et ullam. Facilis sit deleniti officia voluptatum. Sit quasi quia eos debitis et assumenda est.', 1296, 5, 34, '2018-09-24 11:10:48', '2018-09-24 11:10:48'),
(241, 'corrupti', 'Voluptatum vitae explicabo sapiente velit optio ut recusandae. Libero aspernatur accusantium in qui et consequatur reprehenderit. Id corporis quia dolore et quos expedita.', 7303, 8, 43, '2018-09-24 11:10:48', '2018-09-24 11:10:48'),
(242, 'soluta', 'Impedit qui est dolore aut amet facere aliquam ea. Laudantium ea eaque unde incidunt dolor. Nesciunt ipsam mollitia dolores ratione. Facere facilis id numquam neque sapiente voluptatem. Amet et ipsum alias cum quo et.', 2502, 4, 30, '2018-09-24 11:10:48', '2018-09-24 11:10:48'),
(243, 'repudiandae', 'Voluptas asperiores laudantium aut reprehenderit mollitia cum ipsum. Animi atque assumenda accusamus cum consequatur ea. Voluptatem eveniet enim et ea aut.', 4253, 2, 11, '2018-09-24 11:10:48', '2018-09-24 11:10:48'),
(244, 'aspernatur', 'Perspiciatis amet magni et vitae. Cumque nemo earum facere aut. Officiis voluptatem eius et aut quasi culpa et. Est sed quia aliquam mollitia. Delectus illum accusamus eos.', 5012, 1, 48, '2018-09-24 11:10:48', '2018-09-24 11:10:48'),
(245, 'qui', 'Dolorum qui non qui magnam autem consequuntur ut. Officia debitis velit odio et est similique rem. Sed velit repellat ipsum laboriosam. Accusamus fugit sit dignissimos occaecati provident in iure.', 2951, 7, 43, '2018-09-24 11:10:48', '2018-09-24 11:10:48'),
(246, 'nulla', 'Ea veritatis odit sed eligendi. Nobis illo autem dicta dolores tempore. Libero provident et est dolores quaerat qui.', 5222, 7, 40, '2018-09-24 11:10:48', '2018-09-24 11:10:48'),
(247, 'qui', 'Aut deleniti tempora vitae ab sit corporis. Omnis dolor aliquid corrupti possimus minus eum vel. Qui dolores placeat nesciunt necessitatibus facilis sunt. Pariatur dolor vitae delectus minus et nobis. Reprehenderit soluta quos dolorem unde.', 3745, 7, 49, '2018-09-24 11:10:48', '2018-09-24 11:10:48'),
(248, 'quo', 'Enim et et hic repellendus. Quisquam facere vero sunt. Sapiente non aspernatur qui.', 1742, 7, 23, '2018-09-24 11:10:48', '2018-09-24 11:10:48'),
(249, 'veniam', 'Dolor dolor quam similique aperiam qui et et placeat. Qui nihil et molestias velit. Debitis ut voluptas asperiores recusandae amet. Animi ut repudiandae nisi maiores consequatur. Rerum inventore sed quaerat nesciunt atque dolor dignissimos voluptatem.', 2242, 9, 4, '2018-09-24 11:10:48', '2018-09-24 11:10:48'),
(250, 'et', 'Nostrum pariatur possimus doloribus non quae. Et sit repudiandae enim facere.', 4318, 1, 5, '2018-09-24 11:10:48', '2018-09-24 11:10:48'),
(251, 'iure', 'Sit laboriosam iure modi sed architecto praesentium est. Et iste reiciendis sunt fugiat debitis. Nisi autem voluptatem velit optio. Non veniam consequatur perferendis reprehenderit voluptas iusto.', 2827, 9, 12, '2018-09-24 11:12:33', '2018-09-24 11:12:33'),
(252, 'perferendis', 'Facilis ullam tempore et aut. Accusantium atque quia quo et.', 1219, 9, 36, '2018-09-24 11:12:33', '2018-09-24 11:12:33'),
(253, 'dolor', 'Omnis magni est expedita quo vero ipsa voluptas. Quia voluptatem qui deleniti. Eaque blanditiis modi vel iusto officiis est. Harum iste totam soluta eligendi esse necessitatibus aliquam.', 2629, 6, 29, '2018-09-24 11:12:33', '2018-09-24 11:12:33'),
(254, 'et', 'Autem velit corporis architecto animi. Id sunt cupiditate aliquid ut. Quasi sunt culpa sequi laborum. Ea totam non unde ut.', 8313, 8, 15, '2018-09-24 11:12:33', '2018-09-24 11:12:33'),
(255, 'qui', 'Voluptatem architecto ex officia praesentium reiciendis nemo. Sit repellat nostrum nostrum. Voluptates ea praesentium aut est deserunt.', 6642, 4, 3, '2018-09-24 11:12:33', '2018-09-24 11:12:33'),
(256, 'quam', 'Quasi et ducimus asperiores rerum. Cumque fugiat cupiditate dolorem est maxime. Culpa quo libero et saepe dolores nulla est. Sequi voluptas perspiciatis est.', 1506, 5, 24, '2018-09-24 11:12:33', '2018-09-24 11:12:33'),
(257, 'tempora', 'Repellat qui cupiditate rerum dignissimos sit et voluptas dolorem. Consequuntur ut amet sunt est incidunt quo. Omnis tenetur quo ea et nobis. Qui quis perspiciatis voluptate dolore et.', 7024, 4, 6, '2018-09-24 11:12:33', '2018-09-24 11:12:33'),
(258, 'similique', 'Aliquid consequatur voluptatum atque voluptatem qui aut. Omnis vitae eligendi voluptates voluptatem deleniti possimus quia. Molestias culpa cupiditate magni autem sit accusantium voluptatem.', 931, 2, 42, '2018-09-24 11:12:33', '2018-09-24 11:12:33'),
(259, 'qui', 'Consequatur consequuntur hic eos. Iure consequatur at tempore quo aliquid harum eius. Rerum qui nihil itaque nulla. Doloremque libero voluptates expedita doloribus repudiandae nihil voluptas provident.', 870, 9, 22, '2018-09-24 11:12:33', '2018-09-24 11:12:33'),
(260, 'enim', 'Aut qui iste consectetur illum et. Qui facilis animi sint qui fugiat praesentium provident. Temporibus quidem possimus voluptas itaque. Repudiandae vero delectus ea officia voluptatum maiores.', 339, 6, 31, '2018-09-24 11:12:33', '2018-09-24 11:12:33'),
(261, 'incidunt', 'Non voluptas qui cumque aut explicabo aut cumque. Molestiae deleniti voluptates quis nihil veniam dolorem. Magnam rerum libero aliquam sed.', 6172, 9, 10, '2018-09-24 11:12:33', '2018-09-24 11:12:33'),
(262, 'nihil', 'Temporibus dolorem aut dolorum corrupti totam. Rerum corrupti similique quod ab aliquid excepturi adipisci. Dolor repellendus quod rerum facere eligendi nihil. Enim magnam dicta est.', 6583, 8, 50, '2018-09-24 11:12:33', '2018-09-24 11:12:33'),
(263, 'commodi', 'Sapiente itaque dignissimos dolores cupiditate. Impedit temporibus rem sunt eveniet qui aut nam delectus.', 8857, 1, 50, '2018-09-24 11:12:33', '2018-09-24 11:12:33'),
(264, 'qui', 'Est et itaque mollitia voluptas voluptatum sint. Harum magnam est esse dolorum tempora atque. Ut quo veniam nam dolorem maiores autem in. Ut non voluptatem architecto magni voluptatem.', 8770, 2, 25, '2018-09-24 11:12:33', '2018-09-24 11:12:33'),
(265, 'in', 'Adipisci quo itaque omnis sint officia eos rerum. Repellendus id adipisci qui voluptatem sed. Totam quia voluptas enim dolorum nisi. Sunt quo quae nobis molestias beatae exercitationem enim.', 233, 0, 27, '2018-09-24 11:12:33', '2018-09-24 11:12:33'),
(266, 'tenetur', 'Quis quo aut a qui. Sed omnis quia id. Atque mollitia voluptates quasi officiis laudantium vitae ut. Tenetur quasi quas reiciendis quibusdam. Quae aut laborum quia assumenda.', 4897, 3, 16, '2018-09-24 11:12:33', '2018-09-24 11:12:33'),
(267, 'officiis', 'Consequatur nostrum nihil in tempore aut. Et reprehenderit qui quis ut unde aperiam animi. Sint ut vel possimus totam. Natus explicabo tenetur laboriosam quam eveniet.', 2896, 3, 23, '2018-09-24 11:12:33', '2018-09-24 11:12:33'),
(268, 'eum', 'Quia dolorem numquam cumque dolor. Repudiandae et necessitatibus reprehenderit beatae. Placeat animi aut qui enim dignissimos accusantium fugiat.', 394, 8, 42, '2018-09-24 11:12:33', '2018-09-24 11:12:33'),
(269, 'iste', 'Et ex sit blanditiis non rerum repudiandae quis. Et qui aut temporibus rerum doloribus. Aut qui velit consequatur molestiae. Vel et omnis aut.', 6146, 4, 50, '2018-09-24 11:12:33', '2018-09-24 11:12:33'),
(270, 'explicabo', 'Ad qui qui omnis ullam. Occaecati maxime blanditiis iste aut atque tempora. Et fuga sed voluptatibus consectetur. Ea quam eius natus praesentium.', 760, 0, 24, '2018-09-24 11:12:33', '2018-09-24 11:12:33'),
(271, 'tenetur', 'Saepe occaecati sed nobis aut a. Sint enim quas ullam rerum. Numquam cupiditate accusamus quo accusamus nesciunt officiis. Quas deserunt suscipit itaque est perferendis consectetur saepe rerum.', 3894, 0, 17, '2018-09-24 11:12:33', '2018-09-24 11:12:33'),
(272, 'sapiente', 'Iste fugiat delectus unde. Minus sit cumque molestiae ab quaerat voluptatem. Ex tempora maiores aspernatur aut ut beatae. Ad est pariatur occaecati repudiandae alias error rerum.', 161, 0, 31, '2018-09-24 11:12:34', '2018-09-24 11:12:34'),
(273, 'non', 'Omnis consequatur quo nihil facere odit consequuntur dolorem. Deleniti dignissimos fugit quisquam ea et vel asperiores quia. At eum perferendis maxime quibusdam aspernatur nostrum deleniti.', 499, 3, 44, '2018-09-24 11:12:34', '2018-09-24 11:12:34'),
(274, 'reiciendis', 'Omnis ratione cupiditate tenetur quo quae fugiat voluptatum. Consequatur et facilis magni sequi quod cupiditate non. Nisi nihil aut voluptatem consectetur dolores explicabo. Architecto quo non deserunt sunt sit ipsa molestiae dolor.', 7431, 1, 5, '2018-09-24 11:12:34', '2018-09-24 11:12:34'),
(275, 'voluptate', 'Quas dignissimos sit sit. Recusandae praesentium quaerat quae ut veritatis. Repudiandae ea vel rerum autem qui ut. Officia iure provident dolorem voluptas voluptas.', 7092, 6, 36, '2018-09-24 11:12:34', '2018-09-24 11:12:34'),
(276, 'provident', 'Itaque officia error et voluptatem hic exercitationem ducimus incidunt. Aspernatur et qui numquam placeat voluptatem nulla quia et. Repellat iure quidem non.', 6240, 5, 35, '2018-09-24 11:12:34', '2018-09-24 11:12:34'),
(277, 'omnis', 'Soluta eaque quae error. Voluptas quo tempore neque enim. Iure autem quo quae nisi enim fuga.', 206, 0, 29, '2018-09-24 11:12:34', '2018-09-24 11:12:34'),
(278, 'ut', 'Maiores sapiente facere et. Praesentium laudantium odio provident consequatur reiciendis. Ratione cumque ea tenetur facilis ipsa reiciendis aperiam.', 989, 3, 20, '2018-09-24 11:12:34', '2018-09-24 11:12:34'),
(279, 'rerum', 'Est quam quam voluptas. Consequatur perspiciatis distinctio voluptatibus possimus quae accusantium modi fuga. Voluptas debitis molestias atque voluptates rerum aperiam quas.', 417, 0, 14, '2018-09-24 11:12:34', '2018-09-24 11:12:34'),
(280, 'nihil', 'Non quae expedita adipisci quidem neque exercitationem aut. Est rerum minus id occaecati aut unde. Reprehenderit vel dignissimos eaque et asperiores quaerat et. Perspiciatis nesciunt error cupiditate aut vitae rem. Nihil sit et odit cum fugit.', 2796, 1, 29, '2018-09-24 11:12:34', '2018-09-24 11:12:34'),
(281, 'est', 'Nihil et possimus cum ad temporibus. Placeat nostrum in quia aliquid fugit dolor. Aliquid ad vitae aut.', 3834, 1, 38, '2018-09-24 11:12:34', '2018-09-24 11:12:34'),
(282, 'esse', 'Quos rerum est ratione aliquam reprehenderit accusantium iusto aut. At ut et vel doloremque. Ducimus aspernatur perspiciatis est ut.', 2226, 0, 30, '2018-09-24 11:12:34', '2018-09-24 11:12:34'),
(283, 'illo', 'Autem animi sit consequatur. Sit aliquam minima velit quidem eos quo iusto. Unde ut id quo eligendi. Natus ratione laudantium qui molestiae error non at. In qui delectus consequuntur ab eaque similique fuga.', 3496, 5, 43, '2018-09-24 11:12:34', '2018-09-24 11:12:34'),
(284, 'non', 'Sit nihil neque tempore. Et sint neque non eaque qui modi tempora quas. Enim vero explicabo voluptatibus maiores ut. Repellat est quasi blanditiis qui maiores id at architecto.', 3856, 8, 7, '2018-09-24 11:12:34', '2018-09-24 11:12:34'),
(285, 'sapiente', 'Ratione officiis nihil quae voluptatem. Unde similique omnis molestiae rem. Minima sit quos sit vel adipisci ea et.', 5386, 6, 7, '2018-09-24 11:12:34', '2018-09-24 11:12:34'),
(286, 'consequuntur', 'Qui itaque voluptas excepturi alias et. Asperiores doloremque est exercitationem consequuntur ut sit explicabo. Temporibus ut iusto non non libero pariatur voluptate. Accusantium aut ipsam quis rerum.', 5909, 1, 43, '2018-09-24 11:12:34', '2018-09-24 11:12:34'),
(287, 'rerum', 'Amet veritatis consequatur consequatur qui repudiandae ratione tempore qui. Est repudiandae nihil in repudiandae ut. Voluptatem iure magnam nisi vitae error omnis ut.', 2257, 2, 46, '2018-09-24 11:12:34', '2018-09-24 11:12:34'),
(288, 'quo', 'Reprehenderit voluptatem quod qui commodi atque. Nostrum maxime et sed voluptas. Accusantium suscipit sit rerum dolores autem quod.', 4241, 5, 44, '2018-09-24 11:12:34', '2018-09-24 11:12:34'),
(289, 'aut', 'Eveniet corrupti odit doloremque autem ut rem. Vitae nemo nihil vitae dolores sit nulla qui voluptas.', 6080, 1, 38, '2018-09-24 11:12:34', '2018-09-24 11:12:34'),
(290, 'repudiandae', 'Voluptatibus occaecati et alias dicta ut et sunt. Maxime minima eos sed sint molestias est sint voluptatem.', 966, 7, 18, '2018-09-24 11:12:35', '2018-09-24 11:12:35'),
(291, 'commodi', 'Eaque assumenda vitae qui voluptatem consequatur aut. Id praesentium qui voluptatibus eum et. Maiores voluptate fugiat aliquid non a rerum.', 4932, 4, 4, '2018-09-24 11:12:35', '2018-09-24 11:12:35'),
(292, 'sunt', 'Cum autem aut soluta perferendis saepe dolorem voluptatum. Temporibus aliquid quas nobis autem illum dolor sit. Accusamus sapiente architecto placeat. Omnis nesciunt et et a iusto voluptas ipsa aspernatur.', 4689, 5, 4, '2018-09-24 11:12:35', '2018-09-24 11:12:35'),
(293, 'ut', 'A odit debitis porro nobis dolorem veniam repudiandae. Officia et voluptas illum eos laborum molestiae et. Similique eaque modi sit sed recusandae accusamus.', 3435, 1, 29, '2018-09-24 11:12:35', '2018-09-24 11:12:35'),
(294, 'aspernatur', 'Mollitia dolorem itaque voluptas dolor iure ipsum. Maiores quae dolore expedita aut laboriosam aut. Sint possimus est voluptate id praesentium reprehenderit qui id.', 1480, 7, 24, '2018-09-24 11:12:35', '2018-09-24 11:12:35'),
(295, 'deserunt', 'Voluptas earum ut voluptas ullam. Consequuntur ipsa qui ut. Quos atque suscipit voluptate incidunt non inventore. Enim porro ut odio quibusdam a.', 816, 5, 44, '2018-09-24 11:12:35', '2018-09-24 11:12:35'),
(296, 'tempora', 'Sunt consectetur ad error atque veritatis occaecati. Nemo repellat aut qui unde esse porro eum. Non aut qui consequatur consequatur rerum sint. Ut consequatur dolor pariatur eius. Atque laboriosam delectus blanditiis quia molestiae aspernatur.', 7926, 9, 29, '2018-09-24 11:12:35', '2018-09-24 11:12:35'),
(297, 'aut', 'Quidem cumque vel suscipit voluptatum. Blanditiis in dignissimos quo rerum quos. Nam sed commodi quos natus aut fugit. Nostrum quos eligendi praesentium maiores et autem.', 1124, 1, 4, '2018-09-24 11:12:35', '2018-09-24 11:12:35'),
(298, 'assumenda', 'Et accusamus quia repellat qui architecto. Nihil molestias omnis et sit dignissimos placeat. Aut exercitationem hic est aut reiciendis dolores. Quia eos sequi iusto repellendus.', 6770, 1, 13, '2018-09-24 11:12:35', '2018-09-24 11:12:35'),
(299, 'aperiam', 'Nobis rerum mollitia sed dicta. Est sunt voluptatum animi qui consectetur ut non illum. Saepe vel et itaque est et repudiandae. Iure quis quo quia doloribus rem repellat pariatur. Aliquam eligendi laboriosam repellat nobis id et qui temporibus.', 7034, 2, 49, '2018-09-24 11:12:35', '2018-09-24 11:12:35'),
(300, 'quo', 'Laborum facere sed adipisci provident ipsum. Omnis voluptatem ut ut praesentium voluptatem. In numquam incidunt non. Reprehenderit aut eveniet voluptates in voluptatem ut dolor. Est error consequuntur est sequi quibusdam repellendus qui.', 7024, 1, 29, '2018-09-24 11:12:35', '2018-09-24 11:12:35'),
(301, 'sint', 'Veritatis sint alias iusto qui nobis. Rerum magni sapiente delectus. Cupiditate impedit maiores velit. Nihil et quia dolores eaque quia.', 2511, 8, 19, '2018-09-24 11:13:02', '2018-09-24 11:13:02'),
(302, 'est', 'Assumenda eos cumque ullam illo. Nisi est ex minima eum est. Voluptate culpa quia non.', 4174, 9, 23, '2018-09-24 11:13:02', '2018-09-24 11:13:02'),
(303, 'consequatur', 'Quis et iste fugit odio. Et expedita est expedita non harum nisi. Porro neque suscipit sapiente fuga.', 1503, 8, 5, '2018-09-24 11:13:02', '2018-09-24 11:13:02'),
(304, 'occaecati', 'Perferendis voluptatem illo eos ratione. Ratione nihil accusantium velit. Aperiam sit et optio minima veritatis laborum veniam.', 3787, 8, 11, '2018-09-24 11:13:02', '2018-09-24 11:13:02'),
(305, 'nihil', 'Iusto magni recusandae incidunt nisi est eos. Molestias itaque rerum qui. A unde quo sapiente voluptatem.', 567, 3, 34, '2018-09-24 11:13:02', '2018-09-24 11:13:02'),
(306, 'dolor', 'Corporis placeat qui consequatur nihil. Sit quisquam repellat autem numquam. Qui sed ut aut unde magni corrupti. Sed est sapiente quam et.', 8820, 9, 46, '2018-09-24 11:13:02', '2018-09-24 11:13:02'),
(307, 'sunt', 'Expedita itaque hic omnis magni. Sequi mollitia exercitationem unde saepe et minima perferendis. Cum provident aut recusandae culpa.', 7541, 6, 10, '2018-09-24 11:13:02', '2018-09-24 11:13:02'),
(308, 'id', 'Iste similique omnis aspernatur possimus voluptates id fuga. Ipsum modi quasi repudiandae praesentium dolorum.', 3583, 0, 42, '2018-09-24 11:13:02', '2018-09-24 11:13:02'),
(309, 'odit', 'Repudiandae quia illum quibusdam eligendi voluptatibus dolor. Aut ratione molestiae est ipsam alias pariatur saepe. Praesentium sit autem voluptatem hic earum aut id. Facere exercitationem ut dolores sed in repellendus.', 2675, 2, 39, '2018-09-24 11:13:02', '2018-09-24 11:13:02'),
(310, 'veritatis', 'Itaque aspernatur corrupti magni quidem voluptatibus ut eos sit. Aut ut officiis explicabo minus porro. Non sapiente aperiam molestiae et accusamus. Ut mollitia aut voluptatum praesentium enim placeat. Eum quaerat et non.', 5618, 0, 29, '2018-09-24 11:13:02', '2018-09-24 11:13:02'),
(311, 'hic', 'Dolores aut et sunt officiis voluptatem est. Aspernatur est ullam vero id non id. Quis voluptas velit eius et libero. Quaerat ut doloremque fugiat facere sunt voluptatem architecto.', 8819, 2, 20, '2018-09-24 11:13:02', '2018-09-24 11:13:02'),
(312, 'omnis', 'A qui sequi beatae ullam ducimus repudiandae reiciendis. Molestiae non vero saepe maxime maxime autem dolorem. Distinctio qui quia quaerat sit magni et.', 4470, 9, 19, '2018-09-24 11:13:02', '2018-09-24 11:13:02'),
(313, 'blanditiis', 'Animi et similique quis architecto delectus commodi. Quae est mollitia ipsa eveniet magnam possimus. Est non animi ut aut sunt.', 8417, 4, 9, '2018-09-24 11:13:02', '2018-09-24 11:13:02'),
(314, 'voluptate', 'Soluta rerum ipsum esse quo quis iusto exercitationem voluptatibus. Blanditiis voluptatum iusto amet totam odio. Modi ipsam est ipsam accusamus ut.', 2954, 2, 16, '2018-09-24 11:13:02', '2018-09-24 11:13:02'),
(315, 'ipsam', 'Perferendis ab quidem magni alias natus magnam atque et. Illo mollitia veritatis qui inventore assumenda deserunt aut laudantium. Eos qui voluptatem accusantium voluptatum. Exercitationem nemo placeat tempora nam veniam aut commodi.', 3719, 4, 14, '2018-09-24 11:13:02', '2018-09-24 11:13:02'),
(316, 'et', 'Sit ea qui nihil rerum. Et velit assumenda qui. Sed alias ut asperiores omnis non quam. Aliquam voluptatem repellendus aut praesentium voluptas inventore placeat.', 8942, 8, 39, '2018-09-24 11:13:03', '2018-09-24 11:13:03'),
(317, 'et', 'Et et omnis harum odit ratione. Recusandae illo dolore sequi ut. Aliquid eaque qui autem error. Ut molestias quia culpa consequatur sed commodi.', 4411, 8, 50, '2018-09-24 11:13:03', '2018-09-24 11:13:03'),
(318, 'ut', 'Amet dolor amet nobis a maiores explicabo exercitationem. Quis voluptate unde dolorum porro in qui rerum sunt. Sint accusamus qui est debitis veniam voluptas. Ducimus est culpa blanditiis aut molestiae porro.', 8312, 2, 35, '2018-09-24 11:13:03', '2018-09-24 11:13:03'),
(319, 'qui', 'Numquam voluptatibus libero molestias illo eos. Dolores minus quia debitis veniam quia repellendus. Eaque ut modi et temporibus harum commodi.', 4104, 8, 21, '2018-09-24 11:13:03', '2018-09-24 11:13:03'),
(320, 'accusantium', 'Laborum minima voluptatem praesentium temporibus voluptates et. Consequuntur aliquid nihil ut in facilis pariatur tempora.', 1484, 6, 49, '2018-09-24 11:13:03', '2018-09-24 11:13:03'),
(321, 'consequuntur', 'Occaecati a cupiditate minima iusto sit. Aliquam et sed necessitatibus. Ab pariatur officia reprehenderit nihil consectetur culpa et. At vel sunt amet amet vitae.', 7386, 7, 23, '2018-09-24 11:13:03', '2018-09-24 11:13:03'),
(322, 'totam', 'Mollitia consequuntur voluptatem dolorem aliquam placeat dolorem laudantium laudantium. Architecto enim voluptatem cum. Quia et sit dolorem. Laborum molestias nemo corrupti sit qui aperiam.', 8309, 1, 8, '2018-09-24 11:13:03', '2018-09-24 11:13:03'),
(323, 'non', 'Est eum voluptate quis et vero. Minima temporibus ipsa officiis quidem expedita soluta voluptas. Dolorem recusandae est iste aliquid.', 4274, 3, 13, '2018-09-24 11:13:03', '2018-09-24 11:13:03'),
(324, 'sed', 'Consequuntur qui necessitatibus numquam beatae. Ut officiis deleniti culpa modi ipsam enim consequatur. Voluptate velit unde est. Iusto rerum veritatis quo quis autem voluptas.', 852, 2, 31, '2018-09-24 11:13:03', '2018-09-24 11:13:03'),
(325, 'provident', 'Dolores dolorem vel provident et. Ducimus error natus perspiciatis enim corrupti quia velit. Corrupti iusto vitae odio est.', 2470, 9, 8, '2018-09-24 11:13:03', '2018-09-24 11:13:03'),
(326, 'cum', 'Ut exercitationem commodi est. Cum ex iste eos sit et ducimus. Reprehenderit temporibus aut nisi accusantium qui. Qui ratione rerum dolores qui accusamus. Voluptas pariatur aspernatur quia ut voluptatem.', 8881, 7, 36, '2018-09-24 11:13:03', '2018-09-24 11:13:03'),
(327, 'dolorum', 'Corrupti dignissimos expedita ea hic quo. Cumque quas minus natus nemo. Repellendus veritatis quisquam numquam molestiae occaecati id.', 1500, 9, 44, '2018-09-24 11:13:03', '2018-09-24 11:13:03'),
(328, 'optio', 'Accusamus et sit accusantium ipsam aut id iure eveniet. Ea reprehenderit illo eum repudiandae. Laborum cupiditate voluptatem et reprehenderit hic.', 7115, 4, 27, '2018-09-24 11:13:03', '2018-09-24 11:13:03'),
(329, 'dolores', 'Inventore minima dolore numquam a. Qui qui velit sit repudiandae non qui. Et dicta non quidem aut ut voluptas.', 1422, 9, 15, '2018-09-24 11:13:03', '2018-09-24 11:13:03'),
(330, 'aspernatur', 'Eum hic maiores occaecati at. Praesentium non dolorum totam repellat eligendi sunt a. Quos ut ut praesentium minima eos. Quia non nostrum quasi ad assumenda quasi eos.', 1388, 1, 49, '2018-09-24 11:13:03', '2018-09-24 11:13:03'),
(331, 'debitis', 'Quia dolorem odio non vel non voluptatem. Odio voluptatem praesentium aut et quia laudantium.', 730, 9, 19, '2018-09-24 11:13:03', '2018-09-24 11:13:03'),
(332, 'nostrum', 'Nobis quis dolore necessitatibus quia quia corrupti. Nihil voluptatem est vel quam.', 5213, 8, 29, '2018-09-24 11:13:03', '2018-09-24 11:13:03'),
(333, 'consectetur', 'Ut sit veritatis officia quis hic animi. Iste facere ab dolore assumenda molestias velit. Aliquid ab quidem molestiae.', 1350, 5, 25, '2018-09-24 11:13:03', '2018-09-24 11:13:03'),
(334, 'maiores', 'Saepe dolor dignissimos modi maiores. Non blanditiis aut ex tempore cupiditate. Ad et ut molestiae dolorem dolores fugiat neque qui. Quia aliquid sed quisquam laudantium.', 5232, 3, 38, '2018-09-24 11:13:03', '2018-09-24 11:13:03'),
(335, 'aliquam', 'Magnam itaque quia ducimus aperiam sequi. In quia iusto eaque et aut. Doloribus odio sequi ullam ut dolores.', 2333, 1, 8, '2018-09-24 11:13:03', '2018-09-24 11:13:03'),
(336, 'voluptatem', 'At autem voluptatem illo voluptates aspernatur ea. Repellat quasi temporibus voluptatibus quam eum quia velit et. Et voluptas qui quidem tempore fuga voluptatem. Vero qui est mollitia expedita necessitatibus saepe.', 673, 3, 47, '2018-09-24 11:13:03', '2018-09-24 11:13:03'),
(337, 'ad', 'Consequuntur qui repellat aut praesentium voluptas et. Dolores et qui consequatur similique soluta. Sit quia fugit eum laudantium. Expedita suscipit rem architecto rerum sit.', 6159, 8, 43, '2018-09-24 11:13:03', '2018-09-24 11:13:03'),
(338, 'itaque', 'Esse debitis aliquam sint sunt voluptatum est est. Molestias ea rerum voluptates aut et ullam. Libero sint enim quaerat ducimus rem dolores.', 870, 1, 47, '2018-09-24 11:13:03', '2018-09-24 11:13:03'),
(339, 'quia', 'Praesentium soluta sint veritatis eligendi quo ut iusto. Eum fuga quas qui in quasi quae fugit. Officiis consequatur unde doloribus voluptatem.', 708, 3, 27, '2018-09-24 11:13:03', '2018-09-24 11:13:03'),
(340, 'omnis', 'Ut qui sit suscipit dolore maxime ut hic. Neque cumque quisquam ut nostrum. Deleniti aut et quidem sequi porro aut repudiandae. Est dolorum doloremque harum est. Ullam nobis id ad qui.', 7615, 9, 43, '2018-09-24 11:13:03', '2018-09-24 11:13:03'),
(341, 'sunt', 'Debitis fugiat autem magnam in doloribus adipisci. Aut animi rerum omnis molestias iste qui dicta. Hic sequi soluta voluptas tempora.', 8749, 1, 45, '2018-09-24 11:13:03', '2018-09-24 11:13:03'),
(342, 'qui', 'Quasi error repudiandae culpa omnis recusandae perferendis. Ipsam eveniet et aspernatur sed aut et. Ducimus voluptatem autem inventore aspernatur tempora.', 2892, 1, 18, '2018-09-24 11:13:04', '2018-09-24 11:13:04'),
(343, 'non', 'Reiciendis non dolore corporis autem. Et vel et nemo ut quia aut. Iusto voluptatem eum in est facere.', 7339, 3, 27, '2018-09-24 11:13:04', '2018-09-24 11:13:04'),
(344, 'dolores', 'Rerum iste voluptatibus sint soluta enim. Id sit molestiae eos non eos sunt. Eligendi ut maiores ea laudantium blanditiis dolores.', 5290, 4, 4, '2018-09-24 11:13:04', '2018-09-24 11:13:04'),
(345, 'dignissimos', 'Minima incidunt aut rerum et. Quisquam veritatis earum sit laboriosam eum quis. Dolorem recusandae nemo cumque nihil.', 3709, 4, 36, '2018-09-24 11:13:04', '2018-09-24 11:13:04'),
(346, 'sint', 'Ipsum et modi dolorum. Eos qui omnis facere consequuntur maiores. Officia laboriosam occaecati sint delectus. Officiis consequatur voluptatem ipsa sed voluptatem id magnam.', 3230, 8, 5, '2018-09-24 11:13:04', '2018-09-24 11:13:04'),
(347, 'nihil', 'Illo quo consequuntur delectus. Eligendi itaque sed eos earum. Numquam nostrum aliquid atque est cum. Fugit enim voluptas aliquam velit.', 1299, 0, 45, '2018-09-24 11:13:04', '2018-09-24 11:13:04'),
(348, 'ipsum', 'Ratione et cum asperiores. Vitae possimus tenetur architecto ratione. Minima at consectetur consectetur quia at.', 1249, 1, 12, '2018-09-24 11:13:04', '2018-09-24 11:13:04'),
(349, 'provident', 'Deserunt qui nam iste earum dignissimos eos et. Quisquam nisi velit aut et quaerat sequi illo. Saepe ea aut sint architecto. Architecto commodi repellendus accusantium aut quibusdam aut sunt.', 3763, 3, 29, '2018-09-24 11:13:04', '2018-09-24 11:13:04'),
(350, 'provident', 'Ex perferendis rerum nobis et at. Harum laboriosam recusandae incidunt beatae occaecati optio voluptas.', 4274, 3, 40, '2018-09-24 11:13:04', '2018-09-24 11:13:04'),
(351, 'repudiandae', 'Consequuntur dolorem odio veniam voluptate. Aut id unde minus voluptates eum ratione sunt. Nisi dolore maiores ea ab dolore minima et. Voluptatem totam qui maxime neque fuga perferendis.', 3762, 6, 8, '2018-09-24 11:13:32', '2018-09-24 11:13:32'),
(352, 'laudantium', 'Repellendus optio ut numquam ut. Dolores officia dolor non temporibus et. Temporibus corrupti dolores temporibus eveniet nesciunt. Quia consequuntur id voluptates dignissimos qui sapiente.', 7160, 4, 19, '2018-09-24 11:13:32', '2018-09-24 11:13:32'),
(353, 'natus', 'Ut dignissimos et qui veniam nostrum dolorem. Doloremque aut eum sit aut. Quaerat consequatur qui veniam veniam eum assumenda alias nisi.', 7067, 4, 5, '2018-09-24 11:13:32', '2018-09-24 11:13:32'),
(354, 'aspernatur', 'Et inventore quae laudantium id. Asperiores cumque molestiae alias quam aut ut qui odit. Voluptatibus aut similique velit nostrum quaerat architecto omnis perferendis.', 7238, 4, 38, '2018-09-24 11:13:32', '2018-09-24 11:13:32'),
(355, 'dolor', 'Dolorem vero quam alias dolorum. Perferendis enim rerum atque sit distinctio. Accusantium et est eos aut.', 5918, 3, 11, '2018-09-24 11:13:32', '2018-09-24 11:13:32'),
(356, 'doloribus', 'Quia fugiat in laboriosam inventore eaque blanditiis consequatur. Ut sapiente tempore eum repellendus modi. Distinctio consequuntur saepe cupiditate.', 2363, 3, 16, '2018-09-24 11:13:32', '2018-09-24 11:13:32'),
(357, 'deleniti', 'Illo debitis consequatur rerum dolorem. Est ut fuga odio non ea vel dignissimos. Omnis tempora hic enim. Tempore beatae dolores nulla illum dolorum nobis voluptatem. Iusto ducimus ullam dolorem quis dolorem et veniam.', 1049, 3, 11, '2018-09-24 11:13:32', '2018-09-24 11:13:32'),
(358, 'voluptas', 'Velit autem rerum saepe vitae modi vel. Molestiae fugit illo dolor provident quis est quae. Repudiandae veritatis omnis ut non consequatur.', 1656, 9, 40, '2018-09-24 11:13:32', '2018-09-24 11:13:32'),
(359, 'sint', 'Fugiat nemo quia nihil omnis praesentium. Aliquid consectetur fugit distinctio corrupti quos consequatur. Sunt rerum esse sed ea possimus sit.', 8302, 5, 47, '2018-09-24 11:13:32', '2018-09-24 11:13:32'),
(360, 'eveniet', 'Pariatur sed aut architecto. Adipisci harum ea nihil nostrum. Reprehenderit perspiciatis quo numquam eum. Dicta ex tempore et enim eos placeat laboriosam aut.', 3041, 0, 4, '2018-09-24 11:13:32', '2018-09-24 11:13:32'),
(361, 'et', 'Qui atque tempora porro recusandae et sunt voluptas. Maxime repudiandae tenetur qui repellat quasi repellat sint. Nihil neque laborum voluptatibus consequatur repudiandae iusto ut. Modi similique quos iste fugiat suscipit.', 8268, 8, 23, '2018-09-24 11:13:32', '2018-09-24 11:13:32'),
(362, 'dolores', 'Corporis repudiandae qui qui. Est quibusdam molestiae numquam dolor temporibus eligendi. Harum ipsa assumenda suscipit. Enim ipsa commodi error minima ipsam qui a rerum.', 1690, 3, 28, '2018-09-24 11:13:32', '2018-09-24 11:13:32'),
(363, 'asperiores', 'Provident et animi est doloremque dicta minus. Velit officia vel dignissimos architecto. Quas culpa aut est ut pariatur.', 492, 1, 26, '2018-09-24 11:13:32', '2018-09-24 11:13:32'),
(364, 'dignissimos', 'Dolorem quod debitis voluptatem ut animi. Optio quam sint voluptas fugit. Nihil provident eos molestiae odit fugiat. Laborum ducimus possimus unde id et odit.', 2015, 0, 11, '2018-09-24 11:13:32', '2018-09-24 11:13:32'),
(365, 'qui', 'Debitis sit atque ut molestias. Laudantium exercitationem ipsum iste nihil ex dolorum. Fugit possimus molestiae est sed alias.', 1698, 5, 45, '2018-09-24 11:13:32', '2018-09-24 11:13:32'),
(366, 'corrupti', 'Sequi corrupti quia cumque soluta officia quas quia. Itaque rerum aut quis harum soluta. Porro et aut quas eos illum et.', 3506, 0, 10, '2018-09-24 11:13:32', '2018-09-24 11:13:32'),
(367, 'delectus', 'Ab non ut et laboriosam consequatur quisquam aut iusto. Repudiandae earum nisi animi harum explicabo. Veniam est magnam beatae ullam. Nostrum et laboriosam cum soluta quis et minus quia.', 4300, 6, 34, '2018-09-24 11:13:32', '2018-09-24 11:13:32'),
(368, 'soluta', 'Facere et nostrum ut et et quos. Repellat quaerat explicabo facere dolor tempora quis dolor. Dolores laborum dolorem necessitatibus hic earum aut dolor.', 4170, 2, 49, '2018-09-24 11:13:32', '2018-09-24 11:13:32'),
(369, 'dolor', 'Molestias natus nihil debitis fugiat quos aut. Facere repellendus nihil dolores autem. Et placeat quibusdam qui dolores. Ea facere autem illo ea qui dignissimos incidunt.', 1646, 3, 14, '2018-09-24 11:13:32', '2018-09-24 11:13:32'),
(370, 'qui', 'Et natus nihil perspiciatis velit perspiciatis libero maiores. Quas sit veniam perspiciatis corrupti aliquam est.', 4034, 9, 40, '2018-09-24 11:13:32', '2018-09-24 11:13:32'),
(371, 'iusto', 'Consequatur a exercitationem ipsa soluta minus. Aut dolorum possimus quos aut in. Modi expedita dolore vitae placeat labore sint. Occaecati sit quis dicta labore.', 3074, 5, 30, '2018-09-24 11:13:32', '2018-09-24 11:13:32'),
(372, 'porro', 'Sunt id nesciunt sit est reiciendis veniam impedit. Aperiam qui possimus qui vel aperiam et qui. Molestiae veritatis in odio unde maxime omnis odio. Laboriosam molestias qui animi ab.', 1565, 6, 45, '2018-09-24 11:13:32', '2018-09-24 11:13:32'),
(373, 'ducimus', 'Animi excepturi alias fugiat. Praesentium impedit adipisci mollitia id sequi quis reiciendis explicabo. Nostrum totam et aut quo saepe modi corrupti occaecati. Cupiditate ea amet hic a alias quidem a.', 2246, 6, 7, '2018-09-24 11:13:33', '2018-09-24 11:13:33'),
(374, 'tempora', 'Aut nemo quia aut non autem id ut. Consequatur quidem dolor sequi odio sit et.', 3102, 8, 47, '2018-09-24 11:13:33', '2018-09-24 11:13:33'),
(375, 'non', 'Doloremque voluptatem et ullam accusantium est. Suscipit totam suscipit quam fugiat est corrupti. Molestiae hic quia quo ipsa natus ut harum dolores. Consequatur consequuntur ducimus odio dolor et.', 6100, 2, 2, '2018-09-24 11:13:33', '2018-09-24 11:13:33'),
(376, 'cumque', 'Magni quia non enim omnis. Rem sapiente voluptatem ea pariatur eos dolores dicta alias. Sit beatae ad dolorem numquam commodi vel est.', 5967, 7, 43, '2018-09-24 11:13:33', '2018-09-24 11:13:33'),
(377, 'quam', 'Ullam rem fugit nobis odit. Eaque laborum molestias consequatur fuga recusandae. Voluptatibus iure ad iusto rerum qui sunt commodi. Quae quis et eius rerum debitis aut.', 8231, 3, 7, '2018-09-24 11:13:33', '2018-09-24 11:13:33'),
(378, 'est', 'Sit odio nemo quis et libero. Eum consectetur aspernatur ut vel excepturi. Sit et eos error velit qui exercitationem.', 4873, 0, 38, '2018-09-24 11:13:33', '2018-09-24 11:13:33'),
(379, 'dolorum', 'Fugit explicabo aut nesciunt odit quia esse. Inventore illum occaecati qui dolor ab laborum. Ut itaque sunt nesciunt quo. Commodi velit eveniet distinctio quod fugit accusamus.', 2095, 1, 2, '2018-09-24 11:13:33', '2018-09-24 11:13:33'),
(380, 'aperiam', 'Quasi illum id voluptatem recusandae dicta adipisci molestiae. Aliquam ex non ut id et. Omnis ut non voluptates fugit aperiam non tenetur.', 4801, 2, 11, '2018-09-24 11:13:33', '2018-09-24 11:13:33'),
(381, 'eveniet', 'Ut beatae in qui accusantium modi dolores vel voluptas. Accusamus esse ut officia. Voluptatem rem voluptas fugit eum ab. Qui modi eaque voluptatibus sit magnam nihil doloremque.', 5864, 2, 8, '2018-09-24 11:13:33', '2018-09-24 11:13:33'),
(382, 'consequatur', 'Molestiae aliquid est ut rerum. Omnis voluptate voluptatibus voluptate ab. Neque omnis et facere et reiciendis excepturi. Odio est omnis excepturi excepturi autem provident sint.', 7718, 0, 17, '2018-09-24 11:13:33', '2018-09-24 11:13:33'),
(383, 'laboriosam', 'Ab fuga recusandae cum et voluptatem. Quo voluptates odit numquam magnam ratione corrupti sint. Omnis quae nobis provident accusamus.', 4449, 6, 37, '2018-09-24 11:13:33', '2018-09-24 11:13:33'),
(384, 'corporis', 'Quo itaque velit et et eius. Ratione asperiores eveniet et animi. Dolores consectetur voluptatum earum. Voluptate consectetur quidem autem libero facilis reprehenderit.', 5915, 5, 14, '2018-09-24 11:13:33', '2018-09-24 11:13:33'),
(385, 'nemo', 'Qui rerum eos placeat itaque culpa. Non ut veniam pariatur et non.', 7124, 9, 20, '2018-09-24 11:13:33', '2018-09-24 11:13:33'),
(386, 'est', 'Totam sed optio occaecati voluptatem nesciunt perferendis vero. Dolor est blanditiis quod eos illo quasi quia totam. Blanditiis voluptatem at eum architecto.', 8049, 5, 9, '2018-09-24 11:13:33', '2018-09-24 11:13:33'),
(387, 'reprehenderit', 'Veritatis quae qui vitae molestiae et aliquam aut. Necessitatibus aperiam commodi magnam numquam minus.', 1451, 9, 14, '2018-09-24 11:13:33', '2018-09-24 11:13:33'),
(388, 'nam', 'Molestias maxime et odit consequatur placeat commodi eos. Labore sunt et cum dolorem debitis id. Quasi eum in ipsam eveniet. Suscipit quasi sint tempore blanditiis.', 191, 1, 39, '2018-09-24 11:13:33', '2018-09-24 11:13:33'),
(389, 'beatae', 'At est rerum voluptas eius ratione ducimus. Minus omnis unde aliquam excepturi.', 3259, 1, 26, '2018-09-24 11:13:33', '2018-09-24 11:13:33'),
(390, 'laboriosam', 'Incidunt ipsa et provident laudantium. Consectetur tenetur vel quia ut fuga facere ea. Qui iste quisquam sed voluptas culpa reiciendis ut.', 8509, 0, 19, '2018-09-24 11:13:33', '2018-09-24 11:13:33'),
(391, 'in', 'Maxime accusamus nisi ea autem voluptas. Aut soluta ut asperiores sint saepe rerum vitae. Eligendi aut a debitis nulla.', 4045, 9, 26, '2018-09-24 11:13:33', '2018-09-24 11:13:33'),
(392, 'voluptatibus', 'Autem quam dicta dolorem voluptatem harum cumque qui quos. Cupiditate sunt omnis labore explicabo praesentium.', 3387, 1, 44, '2018-09-24 11:13:33', '2018-09-24 11:13:33'),
(393, 'alias', 'Non hic nisi quidem quia expedita. Aspernatur id dolorem et eos id quod.', 4857, 9, 35, '2018-09-24 11:13:33', '2018-09-24 11:13:33'),
(394, 'quas', 'Ea totam et quisquam aspernatur. Voluptatibus distinctio aliquam rerum fugit. Est et enim nesciunt vel officia et quo. Nemo perferendis eos omnis tempore.', 3104, 6, 27, '2018-09-24 11:13:33', '2018-09-24 11:13:33'),
(395, 'mollitia', 'Voluptas ipsa nam dolore id enim aut. Porro id et rerum. Iste officiis odio est fugit vero.', 6546, 2, 6, '2018-09-24 11:13:33', '2018-09-24 11:13:33'),
(396, 'ea', 'A tempora dolor explicabo suscipit. Placeat repudiandae nihil aut nihil qui velit id. Omnis velit sapiente et mollitia sed.', 3255, 5, 47, '2018-09-24 11:13:33', '2018-09-24 11:13:33'),
(397, 'dicta', 'Quibusdam eligendi nostrum velit sapiente consectetur repellat impedit. Vel illum consequatur voluptas odit et. Ea quidem illum esse veniam impedit perferendis. Quasi natus et tempore et autem dolorum ea.', 3910, 9, 19, '2018-09-24 11:13:33', '2018-09-24 11:13:33'),
(398, 'quidem', 'Iure ex unde sunt omnis. Sint nobis recusandae impedit ducimus perferendis. Aut reiciendis aliquam optio omnis fuga.', 8132, 0, 22, '2018-09-24 11:13:33', '2018-09-24 11:13:33'),
(399, 'libero', 'Ratione aut quam dolores consequatur et. Ipsa et aut exercitationem aspernatur vero vel dicta architecto. Facere explicabo sit nostrum architecto sapiente ut tempora. At et aliquid facilis iure.', 4738, 1, 10, '2018-09-24 11:13:33', '2018-09-24 11:13:33'),
(400, 'voluptatum', 'Nulla sed non blanditiis modi. Aliquam nostrum repellendus nemo unde. A vel modi saepe deleniti labore asperiores.', 4472, 6, 14, '2018-09-24 11:13:33', '2018-09-24 11:13:33');

-- --------------------------------------------------------

--
-- Table structure for table `reviews`
--

CREATE TABLE `reviews` (
  `id` int(10) UNSIGNED NOT NULL,
  `product_id` int(10) UNSIGNED NOT NULL,
  `customer` varchar(191) COLLATE utf8mb4_unicode_ci NOT NULL,
  `review` text COLLATE utf8mb4_unicode_ci NOT NULL,
  `star` int(11) NOT NULL,
  `created_at` timestamp NULL DEFAULT NULL,
  `updated_at` timestamp NULL DEFAULT NULL
) ENGINE=InnoDB DEFAULT CHARSET=utf8mb4 COLLATE=utf8mb4_unicode_ci;

--
-- Dumping data for table `reviews`
--

INSERT INTO `reviews` (`id`, `product_id`, `customer`, `review`, `star`, `created_at`, `updated_at`) VALUES
(1, 101, 'Shany Hermiston', 'Ullam in cum et vel suscipit. Accusamus dolorem ut accusantium nesciunt nihil natus. Eos suscipit molestiae perspiciatis recusandae et.', 1, '2018-09-24 11:13:39', '2018-09-24 11:13:39'),
(2, 122, 'Ryley Koepp', 'Beatae quibusdam aliquam perspiciatis voluptas voluptas laboriosam. Fuga blanditiis sed eveniet quod tempore. Eos laboriosam porro consequuntur ut placeat.', 0, '2018-09-24 11:13:39', '2018-09-24 11:13:39'),
(3, 34, 'Ms. Florence Hane', 'Facilis consequatur tempora et laborum odit debitis doloremque facilis. Omnis repellat laborum soluta numquam est est. Sequi sed numquam fuga illo unde est eaque unde. Quis sit in fugit ut eveniet.', 4, '2018-09-24 11:13:39', '2018-09-24 11:13:39'),
(4, 308, 'Skye Friesen', 'Qui commodi id animi incidunt totam molestias tempore placeat. Aut officiis aut ullam ut est corrupti magni. Aut distinctio eum molestias.', 5, '2018-09-24 11:13:39', '2018-09-24 11:13:39'),
(5, 329, 'Jazmyn Upton', 'Quas tenetur quod ad tempora ea necessitatibus et ipsa. Consequuntur officiis laboriosam praesentium et ut. Labore odio rem ut officia id sapiente totam. Voluptates voluptas et facere.', 4, '2018-09-24 11:13:39', '2018-09-24 11:13:39'),
(6, 127, 'Jessie Pouros', 'Sequi ipsum fugiat nobis sed et nisi. Quam est fugiat eos et temporibus. Qui quam sed aut a quia.', 0, '2018-09-24 11:13:39', '2018-09-24 11:13:39'),
(7, 172, 'Gilbert Effertz Jr.', 'Quas sequi omnis modi atque. Expedita ea est adipisci nobis quibusdam atque accusantium. Consequuntur nemo error deleniti veniam dolores animi delectus assumenda.', 3, '2018-09-24 11:13:39', '2018-09-24 11:13:39'),
(8, 300, 'Marshall Herman', 'Provident recusandae nemo quasi dolores voluptatibus. Harum nesciunt veniam soluta officiis. Aut id sunt sit maiores. Consequatur occaecati ducimus sed enim.', 4, '2018-09-24 11:13:39', '2018-09-24 11:13:39'),
(9, 50, 'Janet Veum', 'Sit est ipsam voluptatem vitae maxime. Non adipisci ad cumque occaecati. Nihil placeat unde laudantium temporibus ab.', 2, '2018-09-24 11:13:39', '2018-09-24 11:13:39'),
(10, 106, 'Makenzie Wilderman I', 'Repellat et atque dolor molestiae. Quisquam nam aut quaerat pariatur molestiae. Cumque dolorem corrupti voluptas provident. Magni unde eos sit magni.', 4, '2018-09-24 11:13:39', '2018-09-24 11:13:39'),
(11, 139, 'Christine Mosciski', 'Quisquam sint alias dolorem repellat. Culpa dignissimos commodi incidunt nam. Reprehenderit ea necessitatibus neque accusantium quis nam.', 2, '2018-09-24 11:13:39', '2018-09-24 11:13:39'),
(12, 171, 'Ray Mante', 'Assumenda totam delectus dolorum veritatis consectetur beatae. Alias vel eos qui inventore consequuntur et sunt repudiandae. Et in unde eius fugiat error saepe et modi.', 2, '2018-09-24 11:13:39', '2018-09-24 11:13:39'),
(13, 274, 'Isabelle O\'Connell', 'Aut nam eos quam deleniti. Velit inventore numquam explicabo distinctio architecto vel. Quia corrupti sit aut ex amet corporis.', 4, '2018-09-24 11:13:39', '2018-09-24 11:13:39'),
(14, 84, 'Mercedes Reinger DDS', 'Odit et nulla ut quo error. Quia sunt nam beatae error. Provident maiores facilis doloremque debitis consequatur omnis deserunt natus.', 4, '2018-09-24 11:13:39', '2018-09-24 11:13:39'),
(15, 169, 'Mr. Freddy Kulas V', 'Occaecati voluptatem vitae eos. Et iure aperiam et fugiat sed. Qui in officia sit ipsa expedita non at.', 0, '2018-09-24 11:13:39', '2018-09-24 11:13:39'),
(16, 281, 'Otha Hammes', 'Eveniet labore qui sit molestiae a id iusto. Natus repellat dolorem nam molestias voluptas est. Aut ipsa laboriosam nulla et cumque et dolorum. Earum blanditiis ratione nostrum consectetur. Sed beatae blanditiis expedita voluptates minus sapiente porro optio.', 1, '2018-09-24 11:13:39', '2018-09-24 11:13:39'),
(17, 96, 'Braxton Larkin II', 'Et similique nobis ut culpa animi voluptate. Sapiente voluptatum quae velit. Ut magnam rerum voluptatem et unde nam.', 0, '2018-09-24 11:13:39', '2018-09-24 11:13:39'),
(18, 155, 'Johnson McCullough', 'Et facilis voluptas sunt nesciunt enim rerum iste. Ut culpa dolorem corporis nemo culpa placeat. Et quas quia reprehenderit.', 0, '2018-09-24 11:13:39', '2018-09-24 11:13:39'),
(19, 173, 'Mrs. Justina Flatley', 'Corrupti eveniet repellendus unde voluptatibus quis. Quam reiciendis corrupti animi qui ad qui ut rerum. Eaque dolor voluptate nostrum minus. Ratione occaecati distinctio asperiores.', 0, '2018-09-24 11:13:39', '2018-09-24 11:13:39'),
(20, 31, 'Rubie Satterfield', 'Sint quas omnis id aut placeat natus. Et possimus qui est numquam inventore. Corrupti mollitia qui doloremque repudiandae suscipit.', 5, '2018-09-24 11:13:39', '2018-09-24 11:13:39'),
(21, 293, 'Kayli Hilpert', 'Id asperiores et consequuntur optio dignissimos qui a. Reiciendis eligendi temporibus et exercitationem aspernatur.', 3, '2018-09-24 11:13:39', '2018-09-24 11:13:39'),
(22, 224, 'Kaden Dibbert', 'Tempora tempora et assumenda ratione ad sapiente. Ut omnis qui veniam corrupti iusto rerum dolorem distinctio. Molestias ullam a nesciunt saepe aut totam quo. Voluptates totam perspiciatis rerum eveniet.', 0, '2018-09-24 11:13:39', '2018-09-24 11:13:39'),
(23, 99, 'Helmer Tromp II', 'Velit dolor tempore sit dolore corrupti fuga. Eos officiis voluptatibus magni natus. Quia dolor velit sint ipsam. Maiores veniam soluta eum vel quia. Placeat minus saepe eum repudiandae non perferendis autem.', 4, '2018-09-24 11:13:39', '2018-09-24 11:13:39'),
(24, 385, 'Prof. Vito Dooley PhD', 'Aut voluptatem quia occaecati itaque qui aliquid rem. Aliquam totam eos est. Adipisci ullam accusantium necessitatibus suscipit et reprehenderit.', 1, '2018-09-24 11:13:40', '2018-09-24 11:13:40'),
(25, 275, 'Dr. Agnes Jast Sr.', 'Fugit et fugiat voluptatibus quia sint. Quia voluptatem odio dolor explicabo. Non et et odit quidem vel. Rerum illum dolor dolorem sunt.', 1, '2018-09-24 11:13:40', '2018-09-24 11:13:40'),
(26, 333, 'Euna Littel DDS', 'Debitis similique fugit eos quam. Qui provident sed nihil sapiente.', 2, '2018-09-24 11:13:40', '2018-09-24 11:13:40'),
(27, 384, 'Dr. Howell Cormier IV', 'Eligendi ut atque voluptates quidem. Cupiditate quis omnis non. Omnis saepe et dolor rerum asperiores.', 0, '2018-09-24 11:13:40', '2018-09-24 11:13:40'),
(28, 83, 'Reina Gerlach', 'Occaecati odio a totam magni ex. Aut eos voluptate ad quae sint. Dicta voluptate ratione libero maxime et suscipit.', 1, '2018-09-24 11:13:40', '2018-09-24 11:13:40'),
(29, 334, 'Miss Alaina Strosin', 'Quo minima consequatur totam minus assumenda. Ad placeat deleniti illum possimus in praesentium eligendi. Nam quod dolorem dolores et.', 1, '2018-09-24 11:13:40', '2018-09-24 11:13:40'),
(30, 197, 'Mr. Preston Kertzmann Sr.', 'Earum asperiores voluptatibus voluptatibus aut voluptas qui nam nostrum. Quibusdam laudantium nisi dolorem laboriosam sint reiciendis dolore reiciendis. Sed sit ratione placeat iusto.', 2, '2018-09-24 11:13:40', '2018-09-24 11:13:40'),
(31, 399, 'Ms. Phoebe Murazik', 'Sit sapiente expedita non eius voluptates. Ratione officiis voluptatem placeat adipisci commodi illo. Dolorem et sit porro non. Ut nostrum ad tempora tenetur cupiditate perferendis.', 4, '2018-09-24 11:13:40', '2018-09-24 11:13:40'),
(32, 256, 'Cordelia Green', 'Ducimus facere sunt eos non est qui ut quaerat. Dignissimos inventore qui sed et aut alias dolores. A voluptas sed quasi distinctio exercitationem a. Aut consequuntur aut molestias earum.', 4, '2018-09-24 11:13:40', '2018-09-24 11:13:40'),
(33, 304, 'Aurelio Feil', 'Atque id distinctio nulla odio rerum. Sit placeat et ipsum accusamus. Accusamus fugiat sit sit debitis est eius ea. Exercitationem molestiae quasi aut ea reiciendis sunt ipsa.', 2, '2018-09-24 11:13:40', '2018-09-24 11:13:40'),
(34, 375, 'Miss Lonie Gutmann', 'Fuga quia hic magni amet. Incidunt eaque minima autem reiciendis officia provident. Quos voluptatibus amet velit quam.', 5, '2018-09-24 11:13:40', '2018-09-24 11:13:40'),
(35, 188, 'Aubrey Kuhic', 'Ipsa vel rem quaerat eaque dolor. Eum consequatur excepturi tenetur minus vel perspiciatis est dolor. Qui quia praesentium et id. Hic repellendus et molestias quaerat accusamus occaecati sit.', 0, '2018-09-24 11:13:40', '2018-09-24 11:13:40'),
(36, 114, 'Roxanne Deckow', 'Deserunt libero aut qui similique rerum delectus. Dicta voluptas non nihil tenetur deleniti et hic. Voluptatem fugit alias sint recusandae ut est illum. Tenetur amet sunt accusantium quasi aut.', 0, '2018-09-24 11:13:40', '2018-09-24 11:13:40'),
(37, 73, 'Erich Sporer', 'Voluptatum sed sunt voluptatibus similique impedit. Et voluptatem aut eveniet sit rerum.', 0, '2018-09-24 11:13:40', '2018-09-24 11:13:40'),
(38, 43, 'Jayden Goyette IV', 'Sit ex voluptatum repellendus maxime dolores quidem. Eveniet culpa in illo excepturi dicta. Aperiam maxime omnis explicabo sit numquam accusamus. Facilis assumenda eos non cum dolorem.', 2, '2018-09-24 11:13:40', '2018-09-24 11:13:40'),
(39, 397, 'Mr. Devante Ferry IV', 'Asperiores dolores architecto temporibus sed amet non corporis impedit. Qui omnis sit molestias eligendi dolor dicta. Aspernatur voluptas voluptas rem repellat.', 3, '2018-09-24 11:13:40', '2018-09-24 11:13:40'),
(40, 90, 'Lizzie Orn Jr.', 'Eos explicabo voluptas aliquid sapiente aut ut expedita. Deleniti tempora nulla rerum porro omnis ipsum consectetur. Vel nisi consequatur ducimus consectetur corrupti animi sit. Est dolorem deserunt officiis velit dignissimos.', 3, '2018-09-24 11:13:40', '2018-09-24 11:13:40'),
(41, 380, 'Horacio Medhurst', 'Temporibus laboriosam ullam id ipsum qui quos. Quidem modi deserunt nihil. Eos nihil amet atque quam voluptate autem saepe. Placeat consectetur ut voluptas autem sint ea sit.', 4, '2018-09-24 11:13:40', '2018-09-24 11:13:40'),
(42, 257, 'Kareem Roob', 'Laudantium dolorum facilis in hic. Dolor aspernatur possimus et placeat ullam error quo. Ea dolores et perferendis temporibus. Vel ipsum vel vel ab fugiat saepe.', 5, '2018-09-24 11:13:40', '2018-09-24 11:13:40'),
(43, 277, 'Jaylin Abbott Sr.', 'Ut veniam ea non laudantium. Voluptas veniam nulla itaque veniam aspernatur ut. Et accusantium ipsam laborum voluptatem eligendi impedit ad. Maiores sunt nulla repellendus totam. Sed reprehenderit vero voluptatem.', 5, '2018-09-24 11:13:40', '2018-09-24 11:13:40'),
(44, 167, 'Celia Herman', 'At laboriosam dicta quo explicabo neque iste dolorum qui. Corrupti ut est sapiente quis perspiciatis nihil. Suscipit et ea ratione consequuntur consequatur voluptatum laborum tempore. Esse qui aspernatur aut laudantium veniam.', 3, '2018-09-24 11:13:40', '2018-09-24 11:13:40'),
(45, 327, 'Schuyler Hahn', 'Magni dicta in iste. Voluptate molestiae rerum minima in reiciendis. Ut hic minus est consequuntur aut assumenda id quia. Voluptatibus rem minima quis iusto.', 4, '2018-09-24 11:13:40', '2018-09-24 11:13:40'),
(46, 161, 'Prof. Hayden Schumm', 'Ut minima minus doloremque eaque. Maiores ut sit nostrum molestiae. Nulla facilis hic aut sed doloremque. Id quos rem est ut vitae in dolores.', 4, '2018-09-24 11:13:41', '2018-09-24 11:13:41'),
(47, 390, 'Maia Bahringer', 'Similique vitae harum sed voluptas assumenda nostrum eum. Modi voluptatum incidunt sapiente distinctio velit. Quisquam perferendis voluptate non pariatur et. Nisi ab voluptatem unde a dolorem. Aspernatur suscipit rem aut similique dolore.', 3, '2018-09-24 11:13:41', '2018-09-24 11:13:41'),
(48, 133, 'Kallie Luettgen', 'Sunt nostrum laudantium repellat rem blanditiis. Aliquam dolor quae eos consequatur quisquam. Magnam et et officiis ipsa quibusdam. Quasi sint magnam sed.', 1, '2018-09-24 11:13:41', '2018-09-24 11:13:41'),
(49, 59, 'Austyn Marvin', 'Nihil et sapiente aut qui dolores. Et dolor quis provident sint. Quam aut dolores veritatis et possimus. Iste consequatur maiores et autem voluptatum. Qui aut ea maiores officia iusto.', 4, '2018-09-24 11:13:41', '2018-09-24 11:13:41'),
(50, 116, 'Mona Lebsack DVM', 'Aut nesciunt provident dicta molestiae vel odit. Occaecati quae et omnis non velit. Velit totam sequi unde saepe. Corrupti laborum eaque voluptatem exercitationem consequuntur.', 5, '2018-09-24 11:13:41', '2018-09-24 11:13:41'),
(51, 218, 'Carmel Glover', 'Accusantium voluptas nisi doloribus. Nihil qui voluptate dolor. Veniam et in sit optio ex vero est. Eveniet beatae ducimus rerum quaerat. Expedita tempore consequuntur quae mollitia et.', 2, '2018-09-24 11:13:41', '2018-09-24 11:13:41'),
(52, 172, 'Norma Nikolaus', 'Doloremque repellendus dignissimos aspernatur perferendis ducimus eum quae. Doloribus sapiente perferendis tenetur. Ut vel quibusdam ut nihil voluptas suscipit aspernatur sint. In illo labore molestiae dolorem hic eligendi dignissimos dolor.', 2, '2018-09-24 11:13:41', '2018-09-24 11:13:41'),
(53, 82, 'Dr. Jeffrey Dicki', 'Ex fugiat libero ab error et. Itaque quo porro qui laboriosam alias animi. Nesciunt reprehenderit iure est eveniet quam soluta.', 0, '2018-09-24 11:13:41', '2018-09-24 11:13:41'),
(54, 52, 'Dr. Katelynn O\'Kon', 'Nobis exercitationem harum est eaque sint. Sit in et praesentium sequi omnis perferendis quo. Vel totam sint voluptas ut debitis voluptatem. Qui voluptatem delectus id dolores est nobis.', 0, '2018-09-24 11:13:41', '2018-09-24 11:13:41'),
(55, 40, 'Sophie Harris', 'A quibusdam consectetur sapiente ullam. Perspiciatis impedit inventore voluptatibus neque facilis voluptas eaque. Sed minus quasi dolor ea quis ut. Laudantium et repellat quas odio quo enim sapiente.', 2, '2018-09-24 11:13:41', '2018-09-24 11:13:41'),
(56, 162, 'Mr. Tom Hermiston II', 'Dolorum tenetur labore eius possimus quia. Dolorem est expedita consequatur sed dolorum eveniet quia. Sit molestiae voluptatem quia corrupti quia sint.', 4, '2018-09-24 11:13:41', '2018-09-24 11:13:41'),
(57, 48, 'Prof. Elinor Howe', 'Harum aut ea dignissimos aut non quia recusandae. Quibusdam cum beatae enim. Minus nam et magnam ut.', 0, '2018-09-24 11:13:41', '2018-09-24 11:13:41'),
(58, 129, 'Coby Ondricka II', 'Distinctio reprehenderit officiis et nesciunt saepe. Consequatur quaerat nemo deserunt rerum aperiam incidunt. Ipsam voluptatem sit dolore voluptatibus voluptas. Repellendus et et quos cum alias aut.', 0, '2018-09-24 11:13:41', '2018-09-24 11:13:41'),
(59, 390, 'Mrs. Dayana Prohaska', 'Et expedita nam adipisci sit et dolores. Itaque dolores repudiandae tempora porro consectetur et et soluta. Voluptatem ut sint cumque ut est.', 4, '2018-09-24 11:13:41', '2018-09-24 11:13:41'),
(60, 153, 'Abdiel Wolff', 'Reiciendis velit quas velit sint. Neque officiis et voluptatibus eaque impedit omnis corrupti. Qui voluptatem ipsam natus facere ut culpa vel. Nostrum illo quia eligendi voluptates voluptate enim praesentium nihil.', 2, '2018-09-24 11:13:41', '2018-09-24 11:13:41'),
(61, 278, 'Darion O\'Hara DDS', 'Id beatae autem facere ad sed. Vero facere distinctio aliquam sit et consectetur eum voluptatem. Sunt dicta reiciendis nesciunt sed debitis.', 4, '2018-09-24 11:13:41', '2018-09-24 11:13:41'),
(62, 178, 'Enoch Willms', 'Ut illum quia ducimus suscipit natus. Eveniet sit facere sunt non. Ratione numquam laudantium ut.', 4, '2018-09-24 11:13:41', '2018-09-24 11:13:41'),
(63, 86, 'Mathias Larson Sr.', 'Aspernatur voluptatem eum facilis qui. Unde et qui amet aliquam. Totam quas assumenda aut et aut quas dolor. Corporis voluptatem quia rem non deserunt qui totam.', 3, '2018-09-24 11:13:41', '2018-09-24 11:13:41'),
(64, 382, 'Rafael Kutch III', 'Ut nesciunt laborum voluptate nostrum. Deleniti non eum voluptatem vel provident. Accusamus enim ut unde natus voluptates molestiae saepe.', 4, '2018-09-24 11:13:41', '2018-09-24 11:13:41'),
(65, 350, 'Delia Hagenes III', 'Excepturi doloribus consequuntur ut. Quo ab vel aut quia ratione perspiciatis. Et ipsum dolores non culpa labore sint et.', 5, '2018-09-24 11:13:41', '2018-09-24 11:13:41'),
(66, 103, 'Mr. Selmer Boehm Jr.', 'Dolores mollitia distinctio tempore. Quia eos sint totam. Est ipsum ea temporibus sed quis odit rerum. Ad nisi nemo ut non enim aut.', 4, '2018-09-24 11:13:41', '2018-09-24 11:13:41'),
(67, 142, 'Denis Vandervort IV', 'Porro reprehenderit distinctio omnis impedit sunt corporis dolor. In corrupti pariatur quo qui recusandae. Commodi itaque deserunt et assumenda nihil.', 4, '2018-09-24 11:13:41', '2018-09-24 11:13:41'),
(68, 49, 'Casimir Gibson PhD', 'Aut ut molestiae esse minus ad pariatur sit. Numquam corrupti amet ducimus sint. Unde qui voluptas sed aut perspiciatis eaque accusantium. Magni vero molestiae quos.', 2, '2018-09-24 11:13:41', '2018-09-24 11:13:41'),
(69, 107, 'Micaela Balistreri', 'Error aliquam recusandae est corporis ut autem. Nisi nobis consequatur quisquam eius beatae deserunt quos. Voluptatem ut consequuntur omnis enim in amet. Deserunt qui at omnis.', 5, '2018-09-24 11:13:42', '2018-09-24 11:13:42'),
(70, 4, 'Destiny Bogan III', 'Id aut nesciunt voluptatibus accusantium quaerat aperiam. Ratione harum aut repudiandae aut labore nam ex nulla. Qui labore dolorum laboriosam nihil voluptatem et sit. Laudantium eum voluptatem sint animi. Dolor eligendi similique nihil et et.', 3, '2018-09-24 11:13:42', '2018-09-24 11:13:42'),
(71, 198, 'Winfield Fritsch', 'Architecto repudiandae aut repellendus aliquam voluptates necessitatibus qui. Nobis sed et itaque corrupti aliquid tenetur mollitia reiciendis. Totam placeat modi impedit quia modi. At fuga et asperiores sit voluptatem.', 5, '2018-09-24 11:13:42', '2018-09-24 11:13:42'),
(72, 106, 'Zoie Pouros', 'Temporibus ad aut dolores aut. Ut aut atque et rerum nisi et dolorum. Dolorem qui quos nemo iusto eligendi et sed. Sed magnam et quis placeat.', 0, '2018-09-24 11:13:42', '2018-09-24 11:13:42'),
(73, 366, 'Mr. Dino Spinka', 'Sequi porro ducimus aut. Sed et in et velit veniam ut aliquid. Quis et nesciunt quo molestiae iste fugit quis fugit.', 5, '2018-09-24 11:13:42', '2018-09-24 11:13:42'),
(74, 74, 'Prof. Daren Bartell DDS', 'Ex quisquam incidunt recusandae velit unde voluptatem est. Voluptatem veniam natus autem dicta maxime aut natus. Quibusdam veniam et eos quae vel.', 3, '2018-09-24 11:13:42', '2018-09-24 11:13:42'),
(75, 398, 'Mr. Alphonso Jaskolski', 'Officia nam earum corrupti est blanditiis voluptas dignissimos. Expedita ducimus velit iure fugiat aut enim. Quas sed suscipit est minima totam optio commodi.', 0, '2018-09-24 11:13:42', '2018-09-24 11:13:42'),
(76, 67, 'Dr. Dakota Medhurst', 'Quos cupiditate minima eum est id. Eligendi consequuntur similique vel quos sequi quos. Beatae sit odio dolor et eum neque.', 4, '2018-09-24 11:13:42', '2018-09-24 11:13:42'),
(77, 233, 'Leonor Haley', 'Explicabo sed eligendi doloribus dolorem quia dolores. Dolorem sit a et labore illum. Quia dolor necessitatibus ad nihil doloribus. Explicabo occaecati quisquam sit ut iste illo. Ipsam aut aut repellendus quaerat dolor consequuntur quo.', 2, '2018-09-24 11:13:42', '2018-09-24 11:13:42'),
(78, 342, 'Darion Streich', 'Aut temporibus culpa magni voluptatem soluta corrupti. Officia temporibus molestias odit cupiditate est laboriosam aut. Qui alias omnis reprehenderit velit et quis.', 0, '2018-09-24 11:13:42', '2018-09-24 11:13:42'),
(79, 30, 'Parker Rempel', 'Ut ad aut vero. Voluptas nostrum sit cupiditate qui nihil quisquam. Ducimus dicta molestiae odio numquam voluptatibus aut neque. Quam nisi corrupti fugiat vel ipsum.', 1, '2018-09-24 11:13:42', '2018-09-24 11:13:42'),
(80, 293, 'Magali Rohan', 'Aut architecto sed eligendi ut distinctio. Vel libero sapiente debitis dolores accusantium aut. Enim nesciunt quos maiores necessitatibus non corrupti. Libero molestiae corrupti impedit et.', 3, '2018-09-24 11:13:42', '2018-09-24 11:13:42'),
(81, 321, 'Kara Gislason', 'Qui asperiores earum quod eos. Amet et dolorem rem nobis eligendi tenetur omnis. Quod harum sed qui.', 2, '2018-09-24 11:13:42', '2018-09-24 11:13:42'),
(82, 344, 'Jason Herzog', 'Pariatur in quia a ea in. Ipsam impedit pariatur tempore voluptatum sint. Porro qui id harum necessitatibus nemo. Sapiente ut corrupti repudiandae dolorum libero nobis mollitia non.', 5, '2018-09-24 11:13:42', '2018-09-24 11:13:42'),
(83, 55, 'Kasandra Funk', 'Animi non quae velit sunt commodi quae saepe. Laboriosam qui animi ullam eius dolorem. Iusto tempore illum accusantium sit molestiae et aut.', 3, '2018-09-24 11:13:42', '2018-09-24 11:13:42'),
(84, 66, 'Ashlynn Lakin', 'Laboriosam sit architecto sed laudantium. Nulla ut doloremque quia odio mollitia. Aut et dolores voluptatibus voluptates numquam. Beatae odio voluptas voluptas.', 3, '2018-09-24 11:13:42', '2018-09-24 11:13:42'),
(85, 366, 'Gina Ankunding', 'Animi necessitatibus dicta omnis alias. Enim iure explicabo nihil in eveniet eaque. Id autem veritatis est. Porro debitis asperiores dolor non quas.', 3, '2018-09-24 11:13:42', '2018-09-24 11:13:42'),
(86, 168, 'Devante Walsh', 'Et sed velit nam consequatur voluptatem rerum in. Culpa sed accusantium veniam. Eligendi blanditiis in et qui voluptates.', 5, '2018-09-24 11:13:42', '2018-09-24 11:13:42'),
(87, 199, 'Audie Quitzon', 'Rerum optio ipsam facilis minima dolorem placeat. Minima aut repellat adipisci et. Reiciendis et voluptatem nihil cumque quod.', 5, '2018-09-24 11:13:42', '2018-09-24 11:13:42'),
(88, 354, 'Bennett Dibbert', 'Consequatur vitae quidem qui cum quo earum et. Dolorem odit quod a aspernatur dignissimos. Sint qui iste quos omnis autem soluta nihil. Distinctio enim illum nesciunt dolorem sed earum aliquid voluptatem.', 3, '2018-09-24 11:13:42', '2018-09-24 11:13:42'),
(89, 354, 'Filiberto Barrows', 'Nemo et qui enim aliquid quia blanditiis voluptas. Eum nam culpa fugit et eveniet quia quia odio.', 4, '2018-09-24 11:13:42', '2018-09-24 11:13:42'),
(90, 179, 'Filomena Jacobi', 'Fugit cum necessitatibus nam. Quia nemo qui quam sapiente veniam quo incidunt. Aliquid eveniet maxime harum numquam nisi.', 3, '2018-09-24 11:13:42', '2018-09-24 11:13:42'),
(91, 15, 'Avery Ortiz II', 'Sed velit est eum nihil. Necessitatibus quaerat voluptatem doloremque id quos neque esse. Rerum ducimus totam modi sed quia sunt.', 1, '2018-09-24 11:13:42', '2018-09-24 11:13:42'),
(92, 291, 'Zachery Goyette', 'Debitis qui cumque aspernatur ut quia sint. Aut cumque quis tempora. Facere distinctio veritatis quia facere. Ut dolorem architecto atque labore.', 1, '2018-09-24 11:13:42', '2018-09-24 11:13:42'),
(93, 4, 'Rolando Bode', 'Ipsum delectus pariatur et sint. Qui minus similique blanditiis error. Commodi officiis quia unde nisi mollitia.', 1, '2018-09-24 11:13:42', '2018-09-24 11:13:42'),
(94, 7, 'Dr. Laurine Armstrong', 'Animi voluptatibus molestiae perferendis accusantium occaecati omnis rem. Perspiciatis consequatur deleniti quo ea asperiores eos. Quod quia consequatur in odio provident alias.', 4, '2018-09-24 11:13:42', '2018-09-24 11:13:42'),
(95, 331, 'Dariana Gusikowski', 'Rerum aut et est in. Est consequatur delectus aspernatur aliquam. Quaerat cumque est molestiae ut doloribus quam. Omnis nam accusamus fugiat placeat qui aspernatur eligendi et.', 2, '2018-09-24 11:13:42', '2018-09-24 11:13:42'),
(96, 62, 'Brook Rogahn DDS', 'Molestiae est quaerat et totam unde itaque pariatur. Error aut commodi enim facere. Sequi molestias exercitationem sint. Qui sequi odio aut ea deleniti unde. Maxime neque fugit facilis.', 5, '2018-09-24 11:13:42', '2018-09-24 11:13:42'),
(97, 199, 'Dr. Mercedes Erdman', 'Voluptas eveniet est esse at iusto. Quo aut accusamus eaque placeat sunt dicta. At molestias esse molestiae qui voluptatem autem commodi.', 5, '2018-09-24 11:13:42', '2018-09-24 11:13:42'),
(98, 58, 'Mattie Jacobs', 'Aut assumenda iusto debitis. Aut id et ut tempora. A ut culpa rerum dolores.', 1, '2018-09-24 11:13:43', '2018-09-24 11:13:43'),
(99, 264, 'Bernita Williamson', 'Est voluptatum voluptas corrupti vitae velit placeat. Sunt dolorem veritatis assumenda sequi quis. Delectus velit accusamus nemo aspernatur ut.', 4, '2018-09-24 11:13:43', '2018-09-24 11:13:43'),
(100, 223, 'Alta Bruen', 'Velit qui id quis quam totam delectus. Unde facilis sunt fuga eos cupiditate. Quasi quibusdam necessitatibus voluptatem natus porro. Nostrum reprehenderit occaecati fuga.', 3, '2018-09-24 11:13:43', '2018-09-24 11:13:43'),
(101, 216, 'Miss Madaline Haag PhD', 'Dolor quo numquam in hic rerum nam et. Impedit quisquam est tempora nam. Asperiores eligendi omnis illo consequuntur cumque ipsa. Consequatur iste voluptatem enim porro voluptas minima veniam id.', 3, '2018-09-24 11:13:43', '2018-09-24 11:13:43'),
(102, 42, 'Taylor Effertz', 'Possimus odio quidem voluptatem deserunt sed. Non tenetur qui animi autem. Delectus voluptatibus iste dolores dolor sint est deleniti. Necessitatibus maiores ab explicabo vel non sequi.', 2, '2018-09-24 11:13:43', '2018-09-24 11:13:43'),
(103, 60, 'Wilford Welch', 'Dolores accusamus dolorem officiis ab accusantium omnis. Quasi minima aut voluptatem quis assumenda aliquid molestias.', 0, '2018-09-24 11:13:43', '2018-09-24 11:13:43'),
(104, 345, 'Prof. Regan Bernier', 'Voluptas fugiat id ipsam consequatur dolores unde odio. Exercitationem nesciunt omnis ut. Soluta maxime quo aut ratione quos id. Voluptas eum eum explicabo vel maxime.', 3, '2018-09-24 11:13:43', '2018-09-24 11:13:43'),
(105, 305, 'Mr. Sam Bartoletti', 'Pariatur dolor nobis adipisci ratione. Nisi non iusto harum ut. Omnis dicta recusandae tempora minima id provident.', 0, '2018-09-24 11:13:43', '2018-09-24 11:13:43'),
(106, 124, 'Mercedes Balistreri', 'Dignissimos quisquam quasi numquam incidunt. Eum quia hic architecto voluptatem distinctio neque.', 0, '2018-09-24 11:13:43', '2018-09-24 11:13:43'),
(107, 200, 'Nicolas Wyman', 'Corporis expedita ex voluptates. Nobis beatae sed quis sit et ipsum dicta. Voluptatem molestiae magni ut vero aut ipsa saepe saepe.', 0, '2018-09-24 11:13:43', '2018-09-24 11:13:43'),
(108, 111, 'Emmanuelle Ortiz', 'Necessitatibus deserunt sit aliquam consequuntur veniam numquam necessitatibus voluptatem. Et eius harum nemo in et ut. Nemo quam libero et tenetur nesciunt nisi amet. Et rerum impedit asperiores qui.', 4, '2018-09-24 11:13:43', '2018-09-24 11:13:43'),
(109, 217, 'Prof. Ignacio Rau DDS', 'Quia enim vero laboriosam nihil at. Aliquam velit voluptas velit adipisci. Impedit dignissimos nobis ad dolorem.', 4, '2018-09-24 11:13:43', '2018-09-24 11:13:43'),
(110, 99, 'Johathan Shanahan', 'Dolorem tempora aut ullam dolor. Mollitia nam voluptatum neque harum. Dignissimos sit aperiam perferendis at sunt.', 4, '2018-09-24 11:13:43', '2018-09-24 11:13:43'),
(111, 116, 'Amos Walker', 'Minus dolor maiores sunt natus. Nemo autem dolore officia. Esse est libero dicta aperiam laudantium. Odio asperiores veniam dicta mollitia tempore debitis porro voluptate. Ipsam id ducimus possimus officiis officiis ut eum.', 3, '2018-09-24 11:13:43', '2018-09-24 11:13:43'),
(112, 270, 'Jadyn Rempel', 'In consequatur corporis exercitationem est qui ut mollitia. Ea harum et ipsa omnis. Reprehenderit fugit labore enim impedit delectus. Beatae commodi et veniam odio.', 5, '2018-09-24 11:13:43', '2018-09-24 11:13:43'),
(113, 302, 'Harmony Lindgren', 'Eum nisi omnis nam tempora illum ratione vel enim. Consequatur corporis ut neque laudantium quo. Quos quod ut cumque optio eum accusamus voluptate dolor. Optio natus commodi laboriosam porro.', 0, '2018-09-24 11:13:43', '2018-09-24 11:13:43'),
(114, 342, 'Clement McClure', 'Iure sit ab quo quia nisi quis. Dolore rem perferendis et placeat sint ut id. Soluta repudiandae qui reprehenderit sed. Dolore rem quos optio perspiciatis.', 4, '2018-09-24 11:13:43', '2018-09-24 11:13:43'),
(115, 119, 'Prof. Sylvia Torphy', 'Non perspiciatis accusamus placeat quasi et debitis enim est. Illo ut accusamus sequi impedit libero. Aut aut tenetur dolore nulla perferendis accusantium voluptate. Impedit rerum quam quidem quae.', 0, '2018-09-24 11:13:43', '2018-09-24 11:13:43'),
(116, 340, 'Gina Grant V', 'Quis libero omnis exercitationem odit sit. Ipsam et quaerat repellendus quisquam error. Officiis placeat in explicabo nulla aliquid dolores voluptatem voluptatem.', 4, '2018-09-24 11:13:43', '2018-09-24 11:13:43'),
(117, 372, 'Eddie Abbott DDS', 'Necessitatibus eligendi ut ad. Qui repellendus itaque est. Voluptatem numquam quisquam autem soluta sunt dolor. Nisi molestias cumque facere dolores suscipit.', 3, '2018-09-24 11:13:43', '2018-09-24 11:13:43'),
(118, 223, 'Casey Von', 'Non quia aut fugit voluptatibus voluptatibus consequatur repellendus. Distinctio unde vitae qui ut. Sunt odit asperiores excepturi doloremque.', 3, '2018-09-24 11:13:43', '2018-09-24 11:13:43'),
(119, 393, 'Aric Abbott', 'Natus eum laboriosam ad quod quia velit commodi. Voluptatibus eius voluptatem consectetur et quae voluptatibus nihil ducimus. Odio et officia repellendus blanditiis. Labore dolores necessitatibus et distinctio amet autem reprehenderit debitis. In dolores voluptatem aut et.', 3, '2018-09-24 11:13:43', '2018-09-24 11:13:43'),
(120, 212, 'Dr. Sarina Keebler', 'Ut magnam aut qui consectetur. Ut perspiciatis deserunt est accusantium quod. Eius fugit earum architecto similique ea mollitia. Est illum placeat dolorem et ut.', 2, '2018-09-24 11:13:43', '2018-09-24 11:13:43'),
(121, 144, 'Dr. Bradly Haley', 'Eveniet dolorem dolor mollitia tempora vero voluptatem doloremque. Dolores non velit dolor sint minus vero. Natus saepe provident omnis aliquam et dolorem unde.', 4, '2018-09-24 11:13:44', '2018-09-24 11:13:44'),
(122, 163, 'Lacey Hodkiewicz MD', 'Et quo omnis beatae sit voluptas. Sapiente sit ut autem sit recusandae non illo. Ipsum magnam earum cum. Architecto ipsam facilis voluptatem commodi.', 5, '2018-09-24 11:13:44', '2018-09-24 11:13:44'),
(123, 382, 'Dr. Leora Roob', 'Doloribus delectus sint similique. Blanditiis qui expedita saepe soluta. Maxime suscipit blanditiis quo. Assumenda voluptas voluptates vitae rerum aliquam sunt.', 1, '2018-09-24 11:13:44', '2018-09-24 11:13:44'),
(124, 159, 'Virginie Jakubowski', 'Voluptatem eaque placeat qui deleniti error ex adipisci. Soluta dolor at ullam sapiente. Aut quaerat nulla voluptas quia ullam.', 3, '2018-09-24 11:13:44', '2018-09-24 11:13:44'),
(125, 106, 'Elvis Buckridge I', 'Deleniti rem velit dolorem non. Soluta asperiores sed minima. Expedita est odit aut.', 3, '2018-09-24 11:13:44', '2018-09-24 11:13:44'),
(126, 232, 'Ms. Brooke Moen', 'Omnis et quaerat sit velit. Eos minima reprehenderit sed hic dolor amet distinctio. Mollitia ipsum quas expedita laboriosam vitae totam rerum. Quibusdam veniam dolor consequatur voluptatem non. Pariatur reiciendis rem minima quis necessitatibus fugit doloremque.', 0, '2018-09-24 11:13:44', '2018-09-24 11:13:44'),
(127, 13, 'Luz Marquardt', 'Est ducimus harum occaecati vero consequatur dolorem aut sequi. Sed quaerat quo earum excepturi. Magnam laudantium autem rerum placeat voluptatem voluptatum officiis vitae.', 3, '2018-09-24 11:13:44', '2018-09-24 11:13:44'),
(128, 231, 'Dr. Alessandro Schmitt IV', 'Quia praesentium iste veritatis. Dolore non officiis velit magnam exercitationem voluptatem. Architecto laborum sed nihil. Omnis et veniam voluptates ut. Amet id omnis voluptatem.', 2, '2018-09-24 11:13:44', '2018-09-24 11:13:44'),
(129, 16, 'Dr. Gerhard Kautzer MD', 'Aliquam aliquid ut ducimus vel. Autem praesentium rerum eos. Aut cumque atque eum sunt eaque. Ad eos culpa rem voluptatem eum.', 3, '2018-09-24 11:13:44', '2018-09-24 11:13:44'),
(130, 76, 'Mike VonRueden PhD', 'Dolores repellendus deleniti debitis eos. Non est voluptas dolore assumenda.', 5, '2018-09-24 11:13:44', '2018-09-24 11:13:44'),
(131, 317, 'Eugene Hansen', 'Atque rerum autem ab minus aut repellendus ut. Nihil perspiciatis et aspernatur eos ratione fugit id voluptatum. Fugit ut quo perspiciatis delectus optio.', 3, '2018-09-24 11:13:44', '2018-09-24 11:13:44'),
(132, 391, 'Hilbert Wyman', 'Est blanditiis vitae alias quo ut sed. Voluptate nemo modi non ut et dolorem odit culpa.', 4, '2018-09-24 11:13:44', '2018-09-24 11:13:44'),
(133, 192, 'Deshawn Skiles', 'Sed neque possimus aliquid et. Voluptatem temporibus enim ullam qui nesciunt est officiis. Qui sint quisquam et. Numquam voluptas vel molestiae eius voluptatibus. Quis iure enim temporibus.', 0, '2018-09-24 11:13:44', '2018-09-24 11:13:44'),
(134, 370, 'Miss Freeda Harber', 'Qui cumque porro dignissimos ut. Dolor sint ullam quia ipsam molestiae possimus. Sit est consectetur minus. Autem in hic consequatur saepe non voluptas nobis.', 3, '2018-09-24 11:13:44', '2018-09-24 11:13:44'),
(135, 269, 'Ashton Altenwerth', 'Fugit esse praesentium quidem ut. Quaerat vero consequuntur iusto id. Error tenetur corrupti et id repellendus voluptas molestiae. Dolorem porro corporis dignissimos.', 1, '2018-09-24 11:13:44', '2018-09-24 11:13:44'),
(136, 234, 'Clementina Schulist', 'Atque reprehenderit dolorem distinctio cupiditate natus dolor vitae. Est rerum repudiandae sit et velit ducimus iste. Natus quaerat sapiente cupiditate quia voluptatum corporis. Quas nihil expedita ut deserunt magnam aut rerum.', 3, '2018-09-24 11:13:44', '2018-09-24 11:13:44'),
(137, 374, 'Crystal Welch', 'Sapiente velit exercitationem est ut. Voluptas cum repellat eum et. Sed quam autem ut et delectus. Asperiores sit voluptas praesentium voluptas cum eveniet.', 4, '2018-09-24 11:13:44', '2018-09-24 11:13:44'),
(138, 253, 'Wade Walker', 'Quibusdam possimus corrupti suscipit repellat consequuntur nisi tenetur. Amet maxime nam reiciendis tempora. Quae earum ut voluptatem reiciendis distinctio esse.', 0, '2018-09-24 11:13:44', '2018-09-24 11:13:44'),
(139, 13, 'Dr. Macie Greenfelder V', 'Voluptatem voluptates ipsam vitae ea. Exercitationem possimus vitae et nam. Delectus ut aspernatur odio maxime vero aut iste ullam.', 2, '2018-09-24 11:13:44', '2018-09-24 11:13:44'),
(140, 186, 'Sammie Hill', 'Totam mollitia dolores odit in voluptatibus voluptatem et. Voluptatem est ab nesciunt blanditiis. Quam est qui dolorem dolorem. Consequatur quo quia nihil illum similique maiores in.', 0, '2018-09-24 11:13:44', '2018-09-24 11:13:44'),
(141, 216, 'Pedro Ankunding', 'Eaque id odio harum quaerat magni doloremque. Exercitationem rerum tempora asperiores et. Sunt provident quaerat enim magni et perferendis.', 0, '2018-09-24 11:13:44', '2018-09-24 11:13:44'),
(142, 136, 'Lloyd Flatley', 'Tempore asperiores id temporibus porro. Consequatur maiores maxime similique blanditiis pariatur. Impedit perferendis est ut ut quis. Nam hic dolores tempore unde quis illum velit.', 4, '2018-09-24 11:13:44', '2018-09-24 11:13:44'),
(143, 389, 'Marquise Padberg', 'Rerum magnam rerum dicta nesciunt in. Quo et tempora eos odio.', 2, '2018-09-24 11:13:44', '2018-09-24 11:13:44'),
(144, 145, 'Priscilla Bode Sr.', 'Et autem animi non deleniti. Quia expedita fugiat commodi quae velit quasi amet.', 2, '2018-09-24 11:13:44', '2018-09-24 11:13:44'),
(145, 156, 'Prof. Hannah Bayer Jr.', 'Et est asperiores fugit dolores quae sunt cumque deserunt. Qui harum nemo dolor veritatis. Voluptatum ea veritatis consequatur sed provident. Voluptatem ex impedit quo architecto ea nobis. Ea eveniet qui ipsam qui adipisci et ea.', 3, '2018-09-24 11:13:44', '2018-09-24 11:13:44'),
(146, 125, 'Dr. Carolyne Bogan', 'Perferendis quisquam vel vero quo modi excepturi quia. Dolorem ut repellat alias incidunt. Distinctio aut necessitatibus perspiciatis asperiores esse sapiente explicabo.', 2, '2018-09-24 11:13:44', '2018-09-24 11:13:44'),
(147, 352, 'Kieran Cummings II', 'Molestiae in corporis nihil itaque. Id voluptatem alias reprehenderit consequatur qui. Est tempore soluta fugiat provident vero et animi labore.', 1, '2018-09-24 11:13:44', '2018-09-24 11:13:44'),
(148, 223, 'Prof. Lavada Zulauf II', 'Eius reiciendis quia dicta vel. Laboriosam voluptas illum qui dolorem voluptatem animi quisquam. Mollitia quia quaerat autem quia. Pariatur distinctio facilis nostrum.', 3, '2018-09-24 11:13:44', '2018-09-24 11:13:44'),
(149, 91, 'Juana Breitenberg', 'Voluptas totam qui rerum dolorum quo repellendus corrupti mollitia. Eaque et quae officiis impedit fugit doloribus. Aut quae voluptas voluptatem omnis.', 4, '2018-09-24 11:13:44', '2018-09-24 11:13:44'),
(150, 385, 'Mr. Raleigh Schimmel Jr.', 'Dolor eos et maiores quis et dolores voluptatum. Cum excepturi ab tempore porro ut eos quisquam. Quia repellendus maxime et aut. Exercitationem modi nesciunt repellendus doloremque veritatis. Ut odio doloremque accusamus accusantium earum.', 0, '2018-09-24 11:13:44', '2018-09-24 11:13:44'),
(151, 257, 'Kendrick Kshlerin', 'Nisi dolor dignissimos iste qui facere. Commodi illum dolores id doloremque ea. Necessitatibus sequi ducimus rem beatae eos.', 2, '2018-09-24 11:13:44', '2018-09-24 11:13:44'),
(152, 221, 'Adela Miller', 'Non ea molestias exercitationem. Aut exercitationem rerum distinctio quisquam quo aliquid est vitae. Neque ut id voluptatem illo est odit culpa.', 1, '2018-09-24 11:13:44', '2018-09-24 11:13:44'),
(153, 109, 'Scotty Schroeder', 'Sunt commodi magni neque rerum accusantium deleniti expedita inventore. Ullam quasi alias debitis rerum sit. Vel delectus sed facilis sapiente enim. Accusantium repellat excepturi provident id reiciendis rem.', 0, '2018-09-24 11:13:44', '2018-09-24 11:13:44'),
(154, 385, 'Prof. Darron Rau V', 'Non ut quo dolores accusantium aperiam. Esse impedit sed similique placeat. Harum deserunt vitae et aut nobis.', 3, '2018-09-24 11:13:44', '2018-09-24 11:13:44'),
(155, 55, 'Mr. Alberto Barton', 'Vel dolor corporis quae culpa quae. Quisquam et labore quam enim. Voluptate dolor veniam odit.', 0, '2018-09-24 11:13:45', '2018-09-24 11:13:45'),
(156, 43, 'Miss Elizabeth Rau MD', 'Numquam et dolores ullam quasi at dolor. Laudantium vitae deserunt velit sed saepe autem et. Deleniti sed nihil voluptatem at labore perspiciatis consequatur quaerat. Quas sapiente atque reprehenderit culpa.', 5, '2018-09-24 11:13:45', '2018-09-24 11:13:45'),
(157, 108, 'Samanta Rodriguez', 'Maiores sint voluptas non. Reprehenderit incidunt explicabo nisi veritatis eligendi neque odit. Voluptas autem saepe delectus nam qui quia dolore laboriosam. Doloremque non et consequuntur perspiciatis vitae.', 3, '2018-09-24 11:13:45', '2018-09-24 11:13:45'),
(158, 331, 'Serena Gaylord', 'Quaerat eligendi perferendis quisquam cumque voluptates dolorum expedita. Assumenda ipsum tempore accusamus ut. Earum quia sequi consequatur officia. Illo quis dolore impedit excepturi.', 0, '2018-09-24 11:13:45', '2018-09-24 11:13:45'),
(159, 82, 'Prof. Guy Jakubowski', 'Occaecati sed beatae modi voluptatum saepe. Hic adipisci deserunt et iusto nihil. Molestias esse ducimus dignissimos labore veritatis alias.', 1, '2018-09-24 11:13:45', '2018-09-24 11:13:45'),
(160, 355, 'Dr. Curtis Bechtelar', 'Iusto est corporis maiores explicabo. Quasi exercitationem voluptatum quis ipsam cumque libero. Ducimus eos amet dicta sunt eaque.', 5, '2018-09-24 11:13:45', '2018-09-24 11:13:45'),
(161, 70, 'Adriel Bartell Jr.', 'Minima itaque rerum voluptates facilis sunt aliquid dolorum. Assumenda ipsam occaecati mollitia. Ut est quia dolor fuga et. Saepe temporibus aut ut et quis atque qui qui.', 1, '2018-09-24 11:13:45', '2018-09-24 11:13:45'),
(162, 262, 'Laisha Toy', 'Recusandae aut impedit et maxime neque. Voluptatem hic magni tenetur explicabo corrupti qui. Eum odit labore fugiat possimus.', 5, '2018-09-24 11:13:45', '2018-09-24 11:13:45'),
(163, 316, 'Mr. Consuelo Wisozk', 'Distinctio rerum in aliquid. Repellat dolorem voluptas id rerum et ea optio.', 2, '2018-09-24 11:13:45', '2018-09-24 11:13:45'),
(164, 160, 'Nannie Quigley', 'Aperiam sed accusantium quam est odit. Non aperiam quis voluptatem non praesentium impedit beatae. Dignissimos et aut qui eum sit. Nobis consequatur corporis nobis sapiente dignissimos voluptas ipsa.', 2, '2018-09-24 11:13:45', '2018-09-24 11:13:45'),
(165, 338, 'Lolita Fadel', 'Suscipit eligendi dolores nihil explicabo et accusantium qui. Repellendus sint voluptates et qui eos vero pariatur reiciendis. Velit vel quia est omnis repudiandae est.', 1, '2018-09-24 11:13:45', '2018-09-24 11:13:45'),
(166, 85, 'Mrs. Sydni Ledner', 'Voluptatem sint aliquid ut et et aut optio. Quibusdam reiciendis deserunt hic. Harum maiores id natus est repellat quia doloremque corporis. Minima dolor cumque ut reiciendis.', 3, '2018-09-24 11:13:45', '2018-09-24 11:13:45'),
(167, 197, 'Mrs. Jayne Stoltenberg I', 'Et praesentium aut ut laborum. Cupiditate eos tempore qui repudiandae molestias. Nihil sed error qui fugit sapiente sint sunt. Cum qui velit architecto quis voluptatem et dolorem.', 4, '2018-09-24 11:13:45', '2018-09-24 11:13:45'),
(168, 227, 'Rashad Hansen', 'Perspiciatis sint magnam et similique vitae perspiciatis. Illo error vitae vero minus eaque a voluptatem ut.', 5, '2018-09-24 11:13:45', '2018-09-24 11:13:45'),
(169, 144, 'Dr. Abdul Tromp Jr.', 'Eos cumque magnam est velit omnis. Ea similique dolor sed sunt sapiente. In nisi praesentium sunt rerum ex earum.', 5, '2018-09-24 11:13:45', '2018-09-24 11:13:45'),
(170, 365, 'Alanna Armstrong', 'Et a ipsa tempore quia voluptates aut. Distinctio quia vitae harum dolores. Aut reiciendis excepturi nam odio veniam quia voluptas.', 0, '2018-09-24 11:13:45', '2018-09-24 11:13:45'),
(171, 60, 'Rodolfo Homenick', 'Id quibusdam accusantium ex quae et. Itaque rerum itaque et. Id perferendis minima dolor dicta omnis totam vitae.', 4, '2018-09-24 11:13:45', '2018-09-24 11:13:45'),
(172, 46, 'Reagan Watsica', 'Et unde ratione ipsa quas delectus. Incidunt qui quo corrupti autem. In quasi molestiae dolores possimus velit. Voluptatem reprehenderit quia ipsam non.', 1, '2018-09-24 11:13:45', '2018-09-24 11:13:45'),
(173, 18, 'Dr. Frances Keeling II', 'Cum omnis rem voluptatibus nulla commodi unde iusto. Est quisquam quisquam libero sed magnam. Rem impedit modi voluptatem et.', 3, '2018-09-24 11:13:45', '2018-09-24 11:13:45'),
(174, 5, 'Valentin Berge', 'Dolore sequi voluptatem quidem dolor et sint. Maiores qui quaerat possimus quibusdam. Sed sunt nemo magnam asperiores est aut sit sint.', 1, '2018-09-24 11:13:45', '2018-09-24 11:13:45'),
(175, 201, 'Frieda Crooks III', 'Quae iusto illo id quia quidem praesentium. Aut impedit et et omnis. Autem veritatis hic odit eveniet. Quo atque nemo enim omnis harum.', 4, '2018-09-24 11:13:45', '2018-09-24 11:13:45'),
(176, 47, 'Shakira Kirlin', 'Molestiae ut eos adipisci. Laborum quis dolore velit iste totam quia dolorum nihil. Reiciendis incidunt voluptate molestiae dolore veritatis totam nam. Nulla occaecati aut exercitationem voluptatem ex voluptates labore.', 1, '2018-09-24 11:13:45', '2018-09-24 11:13:45'),
(177, 65, 'Edythe Kiehn', 'Atque dolorum sequi optio voluptates ex molestias qui. Voluptas totam labore est sed nihil distinctio accusantium. Omnis veniam laborum fuga.', 5, '2018-09-24 11:13:45', '2018-09-24 11:13:45'),
(178, 295, 'Van Abshire I', 'Libero enim consequuntur autem non ipsam corrupti cupiditate. Doloribus quia aut sed nesciunt odit sint. Distinctio expedita voluptatem est possimus praesentium atque in. Molestias aliquam perspiciatis iusto accusamus cum.', 0, '2018-09-24 11:13:45', '2018-09-24 11:13:45'),
(179, 11, 'Miss Helga Cormier PhD', 'Ut saepe incidunt mollitia placeat. Libero qui autem cupiditate ducimus. Illum qui consequatur id id aut quos.', 2, '2018-09-24 11:13:45', '2018-09-24 11:13:45'),
(180, 60, 'Yazmin Wisoky', 'Eum ullam ipsam aut hic tenetur. Molestiae et rerum quia laboriosam. Veritatis illum nisi dolorem veniam eligendi aliquid.', 3, '2018-09-24 11:13:45', '2018-09-24 11:13:45'),
(181, 36, 'Dudley Gottlieb MD', 'Architecto nihil corrupti nihil vitae voluptatem aut. Et placeat sit necessitatibus aspernatur. In deserunt aut non similique optio.', 3, '2018-09-24 11:13:45', '2018-09-24 11:13:45'),
(182, 150, 'Leta Fay', 'Veritatis eos numquam iure ullam qui et et. Soluta dolor qui eligendi a. Magnam eos aut sed tempore sapiente tenetur.', 5, '2018-09-24 11:13:46', '2018-09-24 11:13:46'),
(183, 181, 'Prof. Rebeca Sawayn', 'Fugit consequatur eum aspernatur mollitia iure delectus assumenda assumenda. Sed nam voluptate voluptate dicta temporibus. Et aspernatur fuga cumque exercitationem ipsum sed temporibus. Rerum quasi in nobis. Laborum aliquam quibusdam minima vel laborum odio.', 3, '2018-09-24 11:13:46', '2018-09-24 11:13:46'),
(184, 253, 'Rigoberto Nikolaus', 'Vel possimus minima optio voluptates temporibus magni facere. Iusto laudantium quia totam qui. Nihil voluptate recusandae magnam. Expedita laudantium illo et consectetur autem.', 3, '2018-09-24 11:13:46', '2018-09-24 11:13:46'),
(185, 244, 'Muhammad Macejkovic', 'Aut magni optio sed quisquam facere. Quis quo similique voluptatem voluptas laudantium recusandae enim. Nam cum dolor velit sed quis a rerum accusantium. Eos quo vitae ducimus placeat enim sit odit.', 1, '2018-09-24 11:13:46', '2018-09-24 11:13:46'),
(186, 74, 'Donnell Gerlach', 'Ipsam beatae minus dolore vitae aliquam fugit. Iusto iste quia deleniti deleniti aut nulla ex quam.', 4, '2018-09-24 11:13:46', '2018-09-24 11:13:46'),
(187, 202, 'Ona Mayer', 'Perferendis odio consequatur sunt. Libero quo neque cupiditate nesciunt deleniti et rerum. Similique sunt quod ut ad saepe est sit laudantium. Consequatur cumque quia autem id in.', 2, '2018-09-24 11:13:46', '2018-09-24 11:13:46'),
(188, 67, 'Giovanny Lueilwitz', 'Aut aperiam asperiores ut nisi. Velit voluptatem et et repellendus. Aliquam corporis perspiciatis explicabo quae sit quam quis non. Delectus sit et quo corrupti.', 3, '2018-09-24 11:13:46', '2018-09-24 11:13:46'),
(189, 364, 'Golda Bauch V', 'Temporibus est laboriosam nihil architecto quidem assumenda. Labore eos est et consequatur. Officiis quaerat exercitationem voluptates voluptatem. Nobis quos rem quibusdam ipsam. Qui eaque tempore dolores aut nostrum.', 4, '2018-09-24 11:13:46', '2018-09-24 11:13:46'),
(190, 326, 'Consuelo Schoen', 'Occaecati harum vitae rerum ipsa provident et et. Et in nisi consequatur aut sequi est ad. Dignissimos deleniti sed laborum fugiat. Facere molestiae illo qui illum.', 0, '2018-09-24 11:13:46', '2018-09-24 11:13:46'),
(191, 354, 'Marie Waelchi II', 'Omnis ab totam et in et. Eveniet eveniet aut soluta sunt odio eum soluta. Non quos error laudantium excepturi. Odio repellendus incidunt accusamus unde sit magni qui.', 3, '2018-09-24 11:13:46', '2018-09-24 11:13:46'),
(192, 199, 'Mr. Carmelo Howe', 'Voluptate ipsum aut debitis excepturi laboriosam sit ullam. Fugit consequatur deleniti vel eius. Quis quis repellendus atque dolorem. Quos nam sit ea consequuntur aperiam ea aut ea.', 2, '2018-09-24 11:13:46', '2018-09-24 11:13:46'),
(193, 294, 'Ms. Hertha Graham PhD', 'Quaerat ducimus est et fugit repellendus ut. Asperiores recusandae ex officia odio numquam.', 5, '2018-09-24 11:13:46', '2018-09-24 11:13:46'),
(194, 364, 'Mr. Grady Kuvalis', 'Ut ut ipsa expedita dolor nemo. Dolores iusto rerum vel earum. Dolores ullam dolore ut sit in sit nostrum.', 2, '2018-09-24 11:13:46', '2018-09-24 11:13:46'),
(195, 313, 'Ceasar Pagac', 'Eius nobis a voluptas deserunt in est. Et consectetur sint est veritatis. Sunt dignissimos est enim iste exercitationem. Ut sint recusandae est sint est.', 5, '2018-09-24 11:13:46', '2018-09-24 11:13:46'),
(196, 166, 'Lyric Rempel', 'Quia explicabo id modi voluptate similique eaque pariatur. Dolorem quisquam blanditiis ut consequatur dolor officia. Et necessitatibus aut exercitationem quis qui.', 4, '2018-09-24 11:13:46', '2018-09-24 11:13:46'),
(197, 24, 'Adah Powlowski', 'Est doloribus est dolores mollitia quo. Est fuga mollitia et in illo aut maxime. Quis iusto ipsam quia quis ut. Quia illo sunt sed voluptatem voluptatem harum.', 2, '2018-09-24 11:13:46', '2018-09-24 11:13:46'),
(198, 47, 'Lysanne Balistreri III', 'Dolores omnis iste non ullam velit debitis. Et ut optio quae eveniet quos et. Est architecto aliquam earum ut aut quaerat.', 5, '2018-09-24 11:13:46', '2018-09-24 11:13:46'),
(199, 238, 'Elbert Nicolas', 'Fuga rerum quia et nostrum ipsam temporibus beatae. Totam maxime laborum ratione laborum vero eaque omnis. Animi praesentium quo debitis non. Repudiandae ea quam aut voluptatibus quis.', 3, '2018-09-24 11:13:46', '2018-09-24 11:13:46'),
(200, 47, 'Brook Lebsack Jr.', 'Iure commodi error consequuntur ut inventore aliquid in. Quia nobis quis fugiat rerum mollitia. Totam in temporibus voluptatibus quidem assumenda temporibus porro.', 5, '2018-09-24 11:13:46', '2018-09-24 11:13:46'),
(201, 310, 'Ms. Ova Greenfelder DDS', 'Recusandae excepturi quae quibusdam qui fuga voluptas inventore. Rem veniam modi sed minima nostrum officia earum.', 5, '2018-09-24 11:13:46', '2018-09-24 11:13:46'),
(202, 27, 'Dalton Blick PhD', 'Reprehenderit laudantium non aut totam qui accusamus. Voluptatem quibusdam ipsam sit sint non error temporibus quod. Sequi at natus blanditiis ipsam vitae non impedit.', 4, '2018-09-24 11:13:46', '2018-09-24 11:13:46'),
(203, 111, 'Selena Feeney I', 'Quo quo corrupti veritatis. Beatae optio dolor sed. Porro dolorum dolorem totam accusamus et nulla. Laborum eveniet quia aperiam est.', 1, '2018-09-24 11:13:46', '2018-09-24 11:13:46'),
(204, 142, 'Angus Stoltenberg', 'Debitis et non natus laudantium qui aut cupiditate est. Explicabo aut fugiat modi voluptatem dicta nemo omnis. Ut rerum iusto debitis exercitationem.', 2, '2018-09-24 11:13:46', '2018-09-24 11:13:46'),
(205, 299, 'Dr. Olen Kris II', 'Laboriosam voluptatum cupiditate dicta voluptatem adipisci nostrum aut quia. Voluptates omnis est eveniet quo voluptas. Id ratione quae praesentium praesentium ut maiores in.', 2, '2018-09-24 11:13:46', '2018-09-24 11:13:46'),
(206, 216, 'Prof. Stephan Nolan V', 'Ea provident iure quae aut veritatis. Sint quam dolore voluptatem tempore possimus nisi. Ea ea similique ad enim sed at eveniet. Laborum velit velit commodi voluptas quia.', 0, '2018-09-24 11:13:46', '2018-09-24 11:13:46'),
(207, 34, 'Marlen Bahringer', 'Voluptatem nam mollitia eum debitis. Itaque quidem sint non quos sit. Et facere quasi odit praesentium.', 0, '2018-09-24 11:13:47', '2018-09-24 11:13:47'),
(208, 326, 'Tessie Walsh', 'Illum non et atque amet ut quo odit. Odio omnis laboriosam porro eaque. Ea ad quibusdam tempore et suscipit et. Molestias quos velit delectus.', 3, '2018-09-24 11:13:47', '2018-09-24 11:13:47'),
(209, 251, 'Oliver Schmitt', 'Inventore maxime excepturi omnis beatae. Occaecati enim eaque veniam aperiam. Aut similique ea voluptatum eum.', 2, '2018-09-24 11:13:47', '2018-09-24 11:13:47');
INSERT INTO `reviews` (`id`, `product_id`, `customer`, `review`, `star`, `created_at`, `updated_at`) VALUES
(210, 247, 'Beverly Borer', 'Totam qui dignissimos neque nam voluptatum ut ipsa rem. Est aliquid esse eum sunt. Provident porro quasi dolorum quia.', 3, '2018-09-24 11:13:47', '2018-09-24 11:13:47'),
(211, 188, 'Taylor Kris', 'Blanditiis aut omnis pariatur dolores nisi amet nobis. Quia dicta dolorem qui sapiente molestiae accusamus.', 3, '2018-09-24 11:13:47', '2018-09-24 11:13:47'),
(212, 283, 'Aric Quigley', 'Facilis et vitae qui ut corporis mollitia illum. Dolor eaque qui et eaque molestiae. Ipsa quaerat quos nisi culpa voluptates ab ad. Maxime omnis architecto aut.', 4, '2018-09-24 11:13:47', '2018-09-24 11:13:47'),
(213, 40, 'Maggie Walsh', 'Et aut vero est nostrum. Et est eveniet aliquid qui sequi iure. Repellendus doloribus veniam magni voluptas eveniet assumenda natus. Culpa dignissimos dignissimos quam magni asperiores doloribus voluptatibus.', 4, '2018-09-24 11:13:47', '2018-09-24 11:13:47'),
(214, 250, 'Mr. Clovis Rau', 'Et consequatur ut nam in. Voluptatum id quia deleniti ullam et. Consequuntur reiciendis qui enim beatae unde officia quasi voluptatum. Aut adipisci aut natus excepturi et debitis pariatur.', 3, '2018-09-24 11:13:47', '2018-09-24 11:13:47'),
(215, 290, 'Willie Kshlerin', 'Nulla beatae vitae ut eius dolore possimus. Placeat repellendus veniam iure a minima.', 0, '2018-09-24 11:13:47', '2018-09-24 11:13:47'),
(216, 185, 'Prof. Elna Kerluke III', 'Ipsam illum cum assumenda cum et. Voluptatibus at amet qui ut. Assumenda tenetur ipsum sequi similique aliquam sit. Ducimus quaerat ipsum magni et sed voluptas.', 1, '2018-09-24 11:13:47', '2018-09-24 11:13:47'),
(217, 238, 'Savanah Ernser V', 'Voluptatem qui sit qui nisi. Nobis velit ex laboriosam hic minima quos cupiditate. Similique consectetur inventore delectus temporibus culpa. Aut fugit molestiae sint recusandae rem.', 5, '2018-09-24 11:13:47', '2018-09-24 11:13:47'),
(218, 348, 'Earl Ziemann Sr.', 'Et saepe unde animi aut asperiores eligendi dolore. Sapiente quo dolor necessitatibus expedita quia minus nulla culpa. Non dolores aliquid non ut. Temporibus dolorum quia aut maxime.', 3, '2018-09-24 11:13:47', '2018-09-24 11:13:47'),
(219, 96, 'Dr. Roxanne Rice', 'Sit et aut corrupti ab. Ab quasi deserunt debitis et. Veritatis adipisci nihil qui quia corporis aut.', 5, '2018-09-24 11:13:47', '2018-09-24 11:13:47'),
(220, 201, 'Brenna Franecki IV', 'Unde rerum sequi blanditiis sapiente consequatur consequatur. Odit et sed minima deleniti.', 5, '2018-09-24 11:13:47', '2018-09-24 11:13:47'),
(221, 94, 'Dr. Erik Deckow', 'Molestiae itaque voluptates recusandae placeat voluptas. Excepturi voluptas veniam voluptas deleniti mollitia. Rerum aspernatur qui tempore assumenda accusamus saepe libero. Sint ad minus in est quibusdam inventore praesentium.', 5, '2018-09-24 11:13:47', '2018-09-24 11:13:47'),
(222, 359, 'Justen Heidenreich', 'Itaque rerum et sequi unde veniam. Facilis voluptatem qui reiciendis ipsa. Corrupti incidunt voluptatem veniam aliquid.', 1, '2018-09-24 11:13:47', '2018-09-24 11:13:47'),
(223, 159, 'Elva Quigley', 'Ad similique velit eveniet saepe optio. Quaerat nobis deleniti porro eveniet qui officia nam in. Minus molestiae id assumenda minus molestiae voluptates.', 5, '2018-09-24 11:13:47', '2018-09-24 11:13:47'),
(224, 40, 'Mr. Christian Kiehn V', 'Eos fugit reiciendis vel aut quo et ut iure. Quia ad sapiente qui sunt. At praesentium eos excepturi dicta architecto labore.', 0, '2018-09-24 11:13:47', '2018-09-24 11:13:47'),
(225, 102, 'Tyler Friesen', 'Tempora eos sed dolor a consequatur. Nisi amet praesentium quia qui id ex at. Sunt deserunt qui omnis est autem.', 1, '2018-09-24 11:13:47', '2018-09-24 11:13:47'),
(226, 149, 'Jerod Schamberger', 'Facilis eligendi delectus quia ut cupiditate explicabo voluptate. Ea aperiam incidunt temporibus dolores facere. Explicabo voluptatem quia accusantium. Amet magnam provident voluptas in ut.', 2, '2018-09-24 11:13:47', '2018-09-24 11:13:47'),
(227, 103, 'Santina King PhD', 'Fugit velit nesciunt tempora fugit cum aspernatur beatae. Eius velit vero incidunt sed consequatur sed deleniti. Minus nam est voluptatum ea aperiam. Sit odio id facilis aut sequi.', 0, '2018-09-24 11:13:47', '2018-09-24 11:13:47'),
(228, 329, 'Alexis Smitham', 'Sint vel quia cupiditate consectetur incidunt soluta qui. Sapiente quia et impedit deleniti. Velit aut perspiciatis facilis eaque magni rem neque ut. Consequatur doloribus et magni voluptatem reprehenderit.', 2, '2018-09-24 11:13:47', '2018-09-24 11:13:47'),
(229, 202, 'Sophia Sauer DDS', 'Saepe cumque ut omnis rem occaecati nesciunt tempora. Quis ad voluptatibus sed et delectus. Aut quod sequi placeat et nesciunt nihil consequatur vel. Voluptatum vitae neque qui rerum sint sunt.', 2, '2018-09-24 11:13:47', '2018-09-24 11:13:47'),
(230, 200, 'Prof. Jeanie Blick IV', 'Itaque dolores id iste eveniet at. Non labore nihil perferendis nisi aut nostrum necessitatibus. Qui numquam rerum ullam. Et sit voluptatem error voluptatem non eum.', 2, '2018-09-24 11:13:47', '2018-09-24 11:13:47'),
(231, 40, 'Santos Collier', 'Debitis at quo at quae. Nihil libero delectus aut molestias nemo. Libero veniam alias voluptatum aliquam deserunt voluptas.', 0, '2018-09-24 11:13:48', '2018-09-24 11:13:48'),
(232, 192, 'Miss Treva Collins', 'Temporibus aut libero aut quaerat sed cum. Officia et illo eos rem sed sit. Cumque et sunt et quidem voluptas.', 3, '2018-09-24 11:13:48', '2018-09-24 11:13:48'),
(233, 194, 'Jace Runolfsson', 'A voluptas at rerum commodi vitae quibusdam officia. Qui vel mollitia aliquam quas similique ut. Deleniti eligendi assumenda facere.', 4, '2018-09-24 11:13:48', '2018-09-24 11:13:48'),
(234, 57, 'Dianna Crooks', 'Dolor modi cum distinctio. Sit sint quia minus.', 1, '2018-09-24 11:13:48', '2018-09-24 11:13:48'),
(235, 101, 'Dell Bauch', 'Qui quas hic omnis repudiandae aspernatur. Atque est quas eligendi fuga cum. Dolores et libero consequatur quibusdam incidunt aut doloribus magni.', 4, '2018-09-24 11:13:48', '2018-09-24 11:13:48'),
(236, 174, 'Elwin Grimes', 'At ducimus animi est. Qui minus sunt fugit qui. Et vel minima repellat eius doloremque et at. Molestiae aut quos perferendis aut cum ab ipsam impedit.', 0, '2018-09-24 11:13:48', '2018-09-24 11:13:48'),
(237, 156, 'Leta Rowe', 'Fuga ducimus voluptatibus dignissimos id quae dolor doloribus. Et ipsum omnis adipisci porro repudiandae iusto error. Qui optio hic maiores nam debitis.', 2, '2018-09-24 11:13:48', '2018-09-24 11:13:48'),
(238, 89, 'Dandre Pagac', 'Sit quis vero non rerum vitae fuga. Vel aut quaerat ex atque. Rem maiores mollitia harum.', 0, '2018-09-24 11:13:48', '2018-09-24 11:13:48'),
(239, 393, 'Prof. Chelsie Ledner', 'Dicta dolor est saepe dolorum non rerum. A necessitatibus ex qui repellendus ea cum. Sint possimus aliquam corporis culpa veniam et reiciendis. Inventore est accusamus autem corporis ea sint nesciunt. Aperiam facilis occaecati quod reprehenderit cumque aut qui.', 0, '2018-09-24 11:13:48', '2018-09-24 11:13:48'),
(240, 166, 'Marcos Bogisich DVM', 'Facere eos eaque id quia aliquid. Saepe eum nihil quo ab. Aut ad aut mollitia.', 4, '2018-09-24 11:13:48', '2018-09-24 11:13:48'),
(241, 349, 'Gloria Tromp V', 'Voluptatem exercitationem quo sit totam consequatur ex omnis. Repellat corrupti commodi exercitationem impedit. Inventore voluptatem debitis maxime rerum impedit nihil.', 5, '2018-09-24 11:13:48', '2018-09-24 11:13:48'),
(242, 373, 'Dr. Destini Berge', 'Provident sit consequatur nulla et vel culpa. Magnam rerum reprehenderit excepturi aliquam. Autem cupiditate sed possimus aliquam hic suscipit aut.', 4, '2018-09-24 11:13:48', '2018-09-24 11:13:48'),
(243, 320, 'Lilla Leuschke', 'Mollitia quas id sit autem. Dolore voluptatum et placeat aut dolor non. Consequatur minus nihil qui. Numquam iusto nulla sunt provident corrupti repellendus itaque.', 4, '2018-09-24 11:13:48', '2018-09-24 11:13:48'),
(244, 372, 'Ayana Mraz', 'Ad dolorum aut occaecati veniam. Aliquid voluptas ut ab voluptas. Dolor magni quo dolorem perferendis rerum sapiente. Ab consequuntur aut quos laborum autem provident.', 5, '2018-09-24 11:13:48', '2018-09-24 11:13:48'),
(245, 63, 'Ms. Ethyl Jast V', 'Culpa cumque eos cum veniam odit. Mollitia provident et et quia commodi.', 4, '2018-09-24 11:13:48', '2018-09-24 11:13:48'),
(246, 346, 'Cordie Stanton', 'Est voluptate earum sit eligendi ut aut ut. Nihil est ut dolorem temporibus delectus. Dolor deserunt necessitatibus et earum placeat. Ut est nobis quisquam culpa ipsum eius culpa autem.', 4, '2018-09-24 11:13:48', '2018-09-24 11:13:48'),
(247, 20, 'Kelly Gerlach', 'Numquam aperiam nihil fugit. Facilis vel velit repellat aut eius sit quisquam voluptas.', 1, '2018-09-24 11:13:48', '2018-09-24 11:13:48'),
(248, 133, 'Mr. Montana Kertzmann', 'Est quis vel qui unde animi quo. Mollitia possimus architecto et sit pariatur libero non. Quasi corporis ut est quam vitae rerum.', 0, '2018-09-24 11:13:48', '2018-09-24 11:13:48'),
(249, 218, 'Enoch Greenholt', 'Distinctio omnis numquam tempora voluptate dolores quia deleniti autem. Et explicabo laborum qui explicabo placeat beatae nulla. Consectetur similique a voluptatem voluptas dolorum fuga. Harum qui hic omnis architecto culpa aspernatur.', 5, '2018-09-24 11:13:48', '2018-09-24 11:13:48'),
(250, 290, 'Duncan Frami', 'Quisquam incidunt ad et. Occaecati nesciunt aliquam aut iure quidem. Non nostrum ut quod saepe cupiditate deserunt assumenda vero.', 0, '2018-09-24 11:13:48', '2018-09-24 11:13:48'),
(251, 295, 'Marcel Buckridge', 'Voluptatem totam labore voluptatem sit voluptas. Eius vel non enim quis nulla molestiae. Minus natus quas corrupti ipsam deleniti doloremque aut.', 2, '2018-09-24 11:13:48', '2018-09-24 11:13:48'),
(252, 184, 'Carolanne Bernhard V', 'Voluptatem ab ratione aperiam provident distinctio aut. Odio exercitationem iure aspernatur a explicabo.', 3, '2018-09-24 11:13:48', '2018-09-24 11:13:48'),
(253, 205, 'Roger Monahan', 'Dolorem a odit qui nulla odio et debitis. Velit ea rerum quia quo blanditiis blanditiis saepe repellendus. Et aut quisquam quaerat minima est non totam exercitationem. Laboriosam nam sit tenetur aspernatur aut debitis.', 0, '2018-09-24 11:13:48', '2018-09-24 11:13:48'),
(254, 363, 'Laverne Pacocha', 'Quas voluptatum doloribus odio dolores dolorem maxime. Eum maxime cupiditate sed laboriosam repellat. Corporis minus exercitationem qui. Laudantium velit excepturi quo exercitationem. Similique sit facere quibusdam eos.', 4, '2018-09-24 11:13:48', '2018-09-24 11:13:48'),
(255, 23, 'Oswald Miller', 'Eaque nulla dolorem vel tempore dolor nam a. Repellat et dolorum asperiores iste. Rerum voluptas delectus recusandae aut quaerat dolores et. Eligendi nemo minus blanditiis dolore eum quo.', 5, '2018-09-24 11:13:48', '2018-09-24 11:13:48'),
(256, 29, 'Jett Sporer', 'Recusandae qui ut aut voluptatem ut excepturi. Consequatur animi qui veniam et aut vel. Iure reprehenderit quis ducimus consequuntur et vero enim.', 2, '2018-09-24 11:13:48', '2018-09-24 11:13:48'),
(257, 67, 'Keely Powlowski', 'Officiis sint reprehenderit quae accusamus consequatur soluta nulla. Aut magni soluta eius culpa rerum. Pariatur ut eaque cum earum illum. Sed eum impedit nemo eum.', 0, '2018-09-24 11:13:48', '2018-09-24 11:13:48'),
(258, 143, 'Delpha Friesen', 'Iusto cupiditate in amet perspiciatis tempore. Omnis voluptatum autem illum ut nobis. Fuga praesentium neque dolor amet aut. Sed reprehenderit sint voluptatem.', 5, '2018-09-24 11:13:48', '2018-09-24 11:13:48'),
(259, 394, 'Ena Wunsch', 'Quidem inventore nulla eius esse laudantium. Libero corporis labore expedita consequatur libero quos. Corporis natus quia nam culpa repellat recusandae at consequatur. Maxime dicta sunt facere voluptatem tenetur et amet.', 3, '2018-09-24 11:13:49', '2018-09-24 11:13:49'),
(260, 367, 'Mr. Brendan Lindgren III', 'Id modi eos aut exercitationem omnis. Et inventore impedit ut. Expedita itaque ut sit itaque possimus aut aut.', 3, '2018-09-24 11:13:49', '2018-09-24 11:13:49'),
(261, 308, 'Nyah Walker', 'Doloremque autem asperiores qui placeat. Iste ipsum est atque qui autem. Vitae aut nam nulla. Debitis non occaecati pariatur consequuntur ut quidem aliquid.', 2, '2018-09-24 11:13:49', '2018-09-24 11:13:49'),
(262, 312, 'Cecil Marquardt', 'In qui cupiditate et odio alias. Ut blanditiis ipsam laborum voluptates. Consequatur dignissimos deserunt qui aut sapiente tempora repellat et. Necessitatibus et exercitationem ipsum voluptatem.', 4, '2018-09-24 11:13:49', '2018-09-24 11:13:49'),
(263, 34, 'Prof. Asha Fadel', 'Voluptas vel voluptatibus commodi omnis. Officia autem delectus qui laborum et nihil laborum. Nisi vel ut qui sunt quia unde soluta.', 3, '2018-09-24 11:13:49', '2018-09-24 11:13:49'),
(264, 218, 'Georgiana Cartwright', 'Et nihil accusamus voluptates vel. Quis ut qui sunt.', 4, '2018-09-24 11:13:49', '2018-09-24 11:13:49'),
(265, 214, 'Kristofer Ferry', 'Consequatur dolor rerum et quam ut. Itaque voluptatem laboriosam pariatur dolorum inventore expedita consequatur. Molestiae animi a veritatis nulla itaque quis. Eligendi nulla tempore distinctio aut est.', 2, '2018-09-24 11:13:49', '2018-09-24 11:13:49'),
(266, 388, 'Prof. Rebeka Buckridge III', 'Nihil voluptas ut dolor exercitationem est mollitia. Similique magni fuga vitae et rerum enim consectetur. Laudantium voluptas asperiores minus id eius.', 0, '2018-09-24 11:13:49', '2018-09-24 11:13:49'),
(267, 393, 'Bernadine Kilback Jr.', 'Odio veritatis doloribus et minus vitae unde. Dicta porro impedit repellendus deleniti doloremque nostrum nihil temporibus. Suscipit ex id eum hic consequatur doloremque.', 3, '2018-09-24 11:13:49', '2018-09-24 11:13:49'),
(268, 293, 'Elmira Runte', 'Ipsam tempore neque in quidem enim repellat. Sint eos modi molestias eveniet. Eos earum ab sequi sed voluptas alias.', 5, '2018-09-24 11:13:49', '2018-09-24 11:13:49'),
(269, 109, 'Freida Lynch', 'Nisi quis iste labore nostrum consequatur deserunt. Debitis id expedita et. Sit accusantium ea consectetur et. Rerum fugit recusandae aut explicabo aut illo nam.', 5, '2018-09-24 11:13:49', '2018-09-24 11:13:49'),
(270, 52, 'Shaina Gleichner', 'Quibusdam odit quaerat neque. Iusto est commodi nihil. Qui id doloribus et sunt et amet.', 0, '2018-09-24 11:13:49', '2018-09-24 11:13:49'),
(271, 139, 'Prof. Marcel Hayes I', 'Laborum voluptate qui mollitia autem recusandae aut. Eum adipisci vel asperiores perspiciatis officia enim. Deleniti eos molestias quod quia aut saepe.', 3, '2018-09-24 11:13:49', '2018-09-24 11:13:49'),
(272, 47, 'Dr. Lucie Hoppe Sr.', 'Placeat esse natus repellat cupiditate libero ipsam corporis. Deserunt dicta neque qui in reiciendis aut quod. Dolores aliquid eos odit aliquam est et quibusdam.', 4, '2018-09-24 11:13:49', '2018-09-24 11:13:49'),
(273, 186, 'Ms. Erika Kuphal Jr.', 'Molestias vitae suscipit dolore voluptas ducimus voluptas. Aliquid sapiente at hic deserunt nihil animi saepe. Explicabo consequatur cupiditate deserunt ut dolorem.', 4, '2018-09-24 11:13:49', '2018-09-24 11:13:49'),
(274, 368, 'Ms. Hope Legros', 'Inventore tempore dolor labore ea id. Ipsa aliquid sed ea suscipit error vero. Ut voluptates harum aliquam tenetur. Hic corrupti doloremque laboriosam iste velit deserunt et. Nisi autem in est pariatur corrupti et.', 0, '2018-09-24 11:13:49', '2018-09-24 11:13:49'),
(275, 219, 'Sylvan Goldner', 'Natus reiciendis numquam necessitatibus recusandae illo doloribus. Corrupti quis non expedita magnam est. Neque quo iusto omnis quidem a non eum.', 1, '2018-09-24 11:13:49', '2018-09-24 11:13:49'),
(276, 192, 'Romaine Jacobi', 'Nemo libero sit reprehenderit placeat eos alias in. Nostrum autem eveniet non libero tenetur. Est asperiores illum aliquid ipsam ut ea.', 1, '2018-09-24 11:13:49', '2018-09-24 11:13:49'),
(277, 129, 'Mr. Francis Gaylord V', 'Placeat voluptatem et maiores blanditiis numquam. Consequatur deleniti rerum eum tenetur et. Quae earum facere qui quam. Non culpa iusto dolorem dignissimos accusamus.', 0, '2018-09-24 11:13:49', '2018-09-24 11:13:49'),
(278, 227, 'Miss Carolanne Koelpin DVM', 'Blanditiis voluptatem ducimus explicabo architecto. Corporis sint fugiat veritatis. Numquam ut reiciendis porro.', 3, '2018-09-24 11:13:49', '2018-09-24 11:13:49'),
(279, 85, 'Connor Herman', 'Quo sint et optio tempore non pariatur. Natus aliquid tempore rerum deleniti et autem. Iusto consequatur vel possimus repellat eius.', 5, '2018-09-24 11:13:49', '2018-09-24 11:13:49'),
(280, 291, 'Aditya Barrows PhD', 'Sapiente commodi modi iure. Sit molestiae exercitationem laborum in. Molestias iure et qui illo deleniti quas id.', 3, '2018-09-24 11:13:49', '2018-09-24 11:13:49'),
(281, 181, 'Jeanie Cremin', 'Libero rerum non molestiae quia. Et consequuntur voluptatem vel eius. Voluptatem eveniet sed laborum earum et perferendis.', 3, '2018-09-24 11:13:49', '2018-09-24 11:13:49'),
(282, 370, 'Ibrahim Connelly', 'Adipisci explicabo id quas et odit pariatur. Repellendus et amet est velit.', 5, '2018-09-24 11:13:49', '2018-09-24 11:13:49'),
(283, 186, 'Merlin Jast', 'Sunt modi eligendi enim eius eius culpa. Itaque ut sunt sed aut vel nam.', 3, '2018-09-24 11:13:49', '2018-09-24 11:13:49'),
(284, 7, 'Mrs. Verna Schowalter V', 'Minima nihil aut porro voluptas velit voluptatem quos. Aperiam et et quis vero doloribus sed. Delectus est itaque in totam.', 4, '2018-09-24 11:13:49', '2018-09-24 11:13:49'),
(285, 215, 'Chaya Hoppe', 'Qui ut rerum adipisci. Laborum a soluta nihil autem non ut et. Soluta totam quaerat fuga adipisci aut asperiores ipsam. Occaecati laborum quis nobis cumque atque.', 3, '2018-09-24 11:13:49', '2018-09-24 11:13:49'),
(286, 18, 'Prof. Maximus Kirlin I', 'Voluptas consequuntur consequatur nulla molestias laudantium est accusamus minus. Odit voluptatem qui nemo ipsa repudiandae voluptas. Exercitationem accusamus quia a molestiae rem porro cum quibusdam.', 3, '2018-09-24 11:13:49', '2018-09-24 11:13:49'),
(287, 242, 'Dangelo Bernhard', 'Autem ut fugit qui voluptatem ea. Harum animi est fugit voluptatem itaque. Laborum voluptatibus natus omnis autem.', 1, '2018-09-24 11:13:49', '2018-09-24 11:13:49'),
(288, 301, 'Charlotte Rath', 'Dolor dolor laboriosam dolorem sint sint. Id vero ducimus quis ipsum. Aspernatur esse ipsam consequatur et adipisci dolores architecto. Sed voluptas eligendi sed ea minus aspernatur. Qui laboriosam voluptatum ducimus voluptate officiis incidunt exercitationem deserunt.', 5, '2018-09-24 11:13:49', '2018-09-24 11:13:49'),
(289, 31, 'Mrs. Hollie Weissnat', 'Corrupti nemo distinctio veniam ipsum odit ex. Nemo quam occaecati et ut qui impedit minus. Voluptas ut eum eaque nihil animi. Vel provident architecto eos.', 1, '2018-09-24 11:13:49', '2018-09-24 11:13:49'),
(290, 160, 'Sallie Kuvalis', 'Voluptates quia tempora laudantium voluptas maiores aperiam. Facere dolor asperiores in aperiam dolor quas. Dolores qui est voluptate fuga impedit ut repellendus.', 2, '2018-09-24 11:13:50', '2018-09-24 11:13:50'),
(291, 121, 'Prof. Raegan Schuster Jr.', 'Eum est nisi aut quia cupiditate sint. Est maiores aut distinctio harum fuga. Magni quis dolor eos facilis.', 5, '2018-09-24 11:13:50', '2018-09-24 11:13:50'),
(292, 162, 'Laurie Glover', 'Placeat incidunt et nemo in voluptatum dolores quo quis. Facilis nam nesciunt quidem laboriosam similique. Dolore impedit praesentium qui est ducimus maxime. Sint qui perferendis ut velit.', 1, '2018-09-24 11:13:50', '2018-09-24 11:13:50'),
(293, 131, 'Ms. Helen Bosco', 'Consequuntur nihil enim voluptatem voluptatibus rerum modi aut. Rerum nostrum doloremque nulla et illum.', 0, '2018-09-24 11:13:50', '2018-09-24 11:13:50'),
(294, 397, 'Jeffrey Reilly', 'Aut odit error voluptates omnis et quos velit molestiae. Saepe quia ut voluptatum earum iusto voluptatem ipsum. Adipisci est asperiores maxime velit quia. Et officia nulla incidunt.', 5, '2018-09-24 11:13:50', '2018-09-24 11:13:50'),
(295, 193, 'Ms. Alysha Homenick', 'Deserunt laudantium ut sed ipsam aperiam. Expedita atque vel sit soluta. Est sed hic molestias aut mollitia autem ea. Libero sint placeat id non.', 4, '2018-09-24 11:13:50', '2018-09-24 11:13:50'),
(296, 51, 'Jamar Grimes', 'Quo nemo tenetur animi porro soluta sapiente. Fugiat voluptatem repellendus maxime inventore quia assumenda impedit repudiandae. Nobis minima minus corrupti et ab assumenda.', 0, '2018-09-24 11:13:50', '2018-09-24 11:13:50'),
(297, 354, 'Katlyn Jaskolski', 'Odio quos doloremque sit voluptatem. Dolores voluptatem dolor voluptatem est. Rerum occaecati molestias enim totam. Libero qui nesciunt sequi ad.', 0, '2018-09-24 11:13:50', '2018-09-24 11:13:50'),
(298, 125, 'Salma Marks', 'Harum perferendis voluptate et sed. Occaecati magnam quis explicabo asperiores laudantium.', 2, '2018-09-24 11:13:50', '2018-09-24 11:13:50'),
(299, 314, 'Emmitt Kovacek', 'Suscipit sit nam id deleniti tempora saepe qui. Quia animi aliquam et voluptatem. Non non quod delectus numquam.', 3, '2018-09-24 11:13:50', '2018-09-24 11:13:50'),
(300, 370, 'Mr. Alford Kunze V', 'Sit ab velit occaecati. Est impedit et et aut possimus molestiae perferendis. Perferendis error aperiam accusantium asperiores commodi.', 4, '2018-09-24 11:13:50', '2018-09-24 11:13:50');

-- --------------------------------------------------------

--
-- Table structure for table `users`
--

CREATE TABLE `users` (
  `id` int(10) UNSIGNED NOT NULL,
  `name` varchar(191) COLLATE utf8mb4_unicode_ci NOT NULL,
  `email` varchar(191) COLLATE utf8mb4_unicode_ci NOT NULL,
  `email_verified_at` timestamp NULL DEFAULT NULL,
  `password` varchar(191) COLLATE utf8mb4_unicode_ci NOT NULL,
  `remember_token` varchar(100) COLLATE utf8mb4_unicode_ci DEFAULT NULL,
  `created_at` timestamp NULL DEFAULT NULL,
  `updated_at` timestamp NULL DEFAULT NULL
) ENGINE=InnoDB DEFAULT CHARSET=utf8mb4 COLLATE=utf8mb4_unicode_ci;

--
-- Indexes for dumped tables
--

--
-- Indexes for table `migrations`
--
ALTER TABLE `migrations`
  ADD PRIMARY KEY (`id`);

--
-- Indexes for table `password_resets`
--
ALTER TABLE `password_resets`
  ADD KEY `password_resets_email_index` (`email`);

--
-- Indexes for table `products`
--
ALTER TABLE `products`
  ADD PRIMARY KEY (`id`);

--
-- Indexes for table `reviews`
--
ALTER TABLE `reviews`
  ADD PRIMARY KEY (`id`),
  ADD KEY `reviews_product_id_index` (`product_id`);

--
-- Indexes for table `users`
--
ALTER TABLE `users`
  ADD PRIMARY KEY (`id`),
  ADD UNIQUE KEY `users_email_unique` (`email`);

--
-- AUTO_INCREMENT for dumped tables
--

--
-- AUTO_INCREMENT for table `migrations`
--
ALTER TABLE `migrations`
  MODIFY `id` int(10) UNSIGNED NOT NULL AUTO_INCREMENT, AUTO_INCREMENT=5;

--
-- AUTO_INCREMENT for table `products`
--
ALTER TABLE `products`
  MODIFY `id` int(10) UNSIGNED NOT NULL AUTO_INCREMENT, AUTO_INCREMENT=401;

--
-- AUTO_INCREMENT for table `reviews`
--
ALTER TABLE `reviews`
  MODIFY `id` int(10) UNSIGNED NOT NULL AUTO_INCREMENT, AUTO_INCREMENT=301;

--
-- AUTO_INCREMENT for table `users`
--
ALTER TABLE `users`
  MODIFY `id` int(10) UNSIGNED NOT NULL AUTO_INCREMENT;

--
-- Constraints for dumped tables
--

--
-- Constraints for table `reviews`
--
ALTER TABLE `reviews`
  ADD CONSTRAINT `reviews_product_id_foreign` FOREIGN KEY (`product_id`) REFERENCES `products` (`id`) ON DELETE CASCADE;
COMMIT;

/*!40101 SET CHARACTER_SET_CLIENT=@OLD_CHARACTER_SET_CLIENT */;
/*!40101 SET CHARACTER_SET_RESULTS=@OLD_CHARACTER_SET_RESULTS */;
/*!40101 SET COLLATION_CONNECTION=@OLD_COLLATION_CONNECTION */;
